trial_id,family_id,variant_name,variant_order_source,slot_A_profile,slot_B_profile,source_origin,source_split,source_trial_id,source_config_id,source_labelA,P_E,P_A,P_S,P_D,Q_E,Q_A,Q_S,Q_D,order_id_A,order_A,order_id_B,order_B,source_order_id_A,source_order_A,source_order_id_B,source_order_B,source_paraphrase_id,paraphrase_id,seed,variant_delta_E,variant_delta_A,variant_delta_S,variant_delta_D,source_delta_E,source_delta_A,source_delta_S,source_delta_D,delta_base_E,delta_base_A,delta_base_S,delta_base_D,labelA
train_0001,train_0001,p_at_oa_vs_q_at_oa,oA,P,Q,stage43,train,T-00213,B3-0003,A,Low,Low,High,Medium,Low,Medium,Low,Low,1,S>E>A>D,1,S>E>A>D,1,S>E>A>D,3,D>A>S>E,0,0,673820070,0,-1,2,1,0,-1,2,1,0,-1,2,1,A
train_0002,train_0002,p_at_oa_vs_q_at_oa,oA,P,Q,stage43,train,T-00216,B3-0004,B,Low,High,High,Low,High,High,Medium,Low,1,S>E>A>D,1,S>E>A>D,1,S>E>A>D,0,E>S>D>A,2,0,1340301466,-2,0,1,0,2,0,-1,0,-2,0,1,0,A
train_0003,train_0003,p_at_oa_vs_q_at_oa,oA,P,Q,stage43,train,T-00217,B3-0005,A,Medium,Low,Medium,Medium,Medium,Medium,Medium,Low,1,S>E>A>D,1,S>E>A>D,1,S>E>A>D,0,E>S>D>A,0,0,940087482,0,-1,0,1,0,-1,0,1,0,-1,0,1,A
train_0004,train_0004,p_at_oa_vs_q_at_oa,oA,P,Q,stage43,train,T-00219,B3-0006,A,High,Medium,Low,Medium,High,High,Low,Low,2,A>D>E>S,2,A>D>E>S,2,A>D>E>S,1,S>E>A>D,1,0,724690652,0,-1,0,1,0,-1,0,1,0,-1,0,1,A
train_0005,train_0005,p_at_oa_vs_q_at_oa,oA,P,Q,stage43,train,T-00223,B3-0008,A,Low,High,Medium,Medium,High,Low,Low,Low,3,D>A>S>E,3,D>A>S>E,3,D>A>S>E,1,S>E>A>D,0,0,1938821095,-2,2,1,1,-2,2,1,1,-2,2,1,1,A
train_0006,train_0006,p_at_oa_vs_q_at_oa,oA,P,Q,stage43,train,T-00226,B3-0009,B,Low,Medium,Medium,High,High,High,High,Low,3,D>A>S>E,3,D>A>S>E,3,D>A>S>E,2,A>D>E>S,2,0,3713401645,-2,-1,-1,2,2,1,1,-2,-2,-1,-1,2,A
train_0007,train_0007,p_at_oa_vs_q_at_oa,oA,P,Q,stage43,train,T-00228,B3-0010,B,Medium,Low,High,Low,Medium,Medium,Low,Low,0,E>S>D>A,0,E>S>D>A,0,E>S>D>A,1,S>E>A>D,2,0,1434025120,0,-1,2,0,0,1,-2,0,0,-1,2,0,A
train_0008,train_0008,p_at_oa_vs_q_at_oa,oA,P,Q,stage43,train,T-00231,B3-0012,A,High,Medium,Medium,Medium,High,High,High,Low,2,A>D>E>S,2,A>D>E>S,2,A>D>E>S,1,S>E>A>D,1,0,3884162561,0,-1,-1,1,0,-1,-1,1,0,-1,-1,1,A
train_0009,train_0009,p_at_oa_vs_q_at_oa,oA,P,Q,stage43,train,T-00238,B3-0015,B,Medium,High,Low,High,High,Low,High,High,2,A>D>E>S,2,A>D>E>S,2,A>D>E>S,0,E>S>D>A,1,0,1592521339,-1,2,-2,0,1,-2,2,0,-1,2,-2,0,A
train_0010,train_0010,p_at_oa_vs_q_at_oa,oA,P,Q,stage43,train,T-00241,B3-0017,A,Medium,Medium,High,Low,High,High,Low,Low,1,S>E>A>D,1,S>E>A>D,1,S>E>A>D,3,D>A>S>E,1,0,71632324,-1,-1,2,0,-1,-1,2,0,-1,-1,2,0,A
train_0011,train_0011,p_at_oa_vs_q_at_oa,oA,P,Q,stage43,train,T-00243,B3-0018,A,Low,Low,High,Low,Medium,High,Low,Medium,3,D>A>S>E,3,D>A>S>E,3,D>A>S>E,2,A>D>E>S,0,0,1613239677,-1,-2,2,-1,-1,-2,2,-1,-1,-2,2,-1,A
train_0012,train_0012,p_at_oa_vs_q_at_oa,oA,P,Q,stage43,train,T-00244,B3-0018,B,Low,Low,High,Low,Medium,High,Low,Medium,3,D>A>S>E,3,D>A>S>E,3,D>A>S>E,3,D>A>S>E,0,0,913193279,-1,-2,2,-1,1,2,-2,1,-1,-2,2,-1,A
train_0013,train_0013,p_at_oa_vs_q_at_oa,oA,P,Q,stage43,train,T-00247,B3-0020,A,Low,Medium,High,Low,Medium,Low,Medium,Low,2,A>D>E>S,2,A>D>E>S,2,A>D>E>S,3,D>A>S>E,2,0,2578080999,-1,1,1,0,-1,1,1,0,-1,1,1,0,A
train_0014,train_0014,p_at_oa_vs_q_at_oa,oA,P,Q,stage43,train,T-00251,B3-0022,A,Low,Low,Low,High,Low,Medium,Medium,Medium,1,S>E>A>D,1,S>E>A>D,1,S>E>A>D,2,A>D>E>S,1,0,1065854473,0,-1,-1,1,0,-1,-1,1,0,-1,-1,1,A
train_0015,train_0015,p_at_oa_vs_q_at_oa,oA,P,Q,stage43,train,T-00252,B3-0022,B,Low,Low,Low,High,Low,Medium,Medium,Medium,0,E>S>D>A,0,E>S>D>A,0,E>S>D>A,1,S>E>A>D,1,0,1864471214,0,-1,-1,1,0,1,1,-1,0,-1,-1,1,A
train_0016,train_0016,p_at_oa_vs_q_at_oa,oA,P,Q,stage43,train,T-00256,B3-0024,B,High,Low,Medium,Medium,High,Medium,High,Low,3,D>A>S>E,3,D>A>S>E,3,D>A>S>E,0,E>S>D>A,1,0,2386496500,0,-1,-1,1,0,1,1,-1,0,-1,-1,1,A
train_0017,train_0017,p_at_oa_vs_q_at_oa,oA,P,Q,stage43,train,T-00258,B3-0025,B,Low,Medium,High,Low,Low,High,Low,High,0,E>S>D>A,0,E>S>D>A,0,E>S>D>A,1,S>E>A>D,2,0,2064341891,0,-1,2,-2,0,1,-2,2,0,-1,2,-2,A
train_0018,train_0018,p_at_oa_vs_q_at_oa,oA,P,Q,stage43,train,T-00259,B3-0026,A,Low,High,Medium,Low,Medium,Medium,Low,High,2,A>D>E>S,2,A>D>E>S,2,A>D>E>S,0,E>S>D>A,1,0,2041332836,-1,1,1,-2,-1,1,1,-2,-1,1,1,-2,A
train_0019,train_0019,p_at_oa_vs_q_at_oa,oA,P,Q,stage43,train,T-00260,B3-0026,B,Low,High,Medium,Low,Medium,Medium,Low,High,2,A>D>E>S,2,A>D>E>S,2,A>D>E>S,1,S>E>A>D,1,0,1347747455,-1,1,1,-2,1,-1,-1,2,-1,1,1,-2,A
train_0020,train_0020,p_at_oa_vs_q_at_oa,oA,P,Q,stage43,train,T-00262,B3-0027,B,Low,Low,High,Medium,High,Medium,Medium,Medium,3,D>A>S>E,3,D>A>S>E,3,D>A>S>E,0,E>S>D>A,1,0,2343724294,-2,-1,1,0,2,1,-1,0,-2,-1,1,0,A
train_0021,train_0021,p_at_oa_vs_q_at_oa,oA,P,Q,stage43,train,T-00264,B3-0028,B,Medium,Low,Medium,Low,High,Medium,Low,Medium,3,D>A>S>E,3,D>A>S>E,3,D>A>S>E,2,A>D>E>S,0,0,3791133914,-1,-1,1,-1,1,1,-1,1,-1,-1,1,-1,A
train_0022,train_0022,p_at_oa_vs_q_at_oa,oA,P,Q,stage43,train,T-00266,B3-0029,B,Medium,High,High,Medium,High,Medium,High,Low,1,S>E>A>D,1,S>E>A>D,1,S>E>A>D,1,S>E>A>D,0,0,857159630,-1,1,0,1,1,-1,0,-1,-1,1,0,1,A
train_0023,train_0023,p_at_oa_vs_q_at_oa,oA,P,Q,stage43,train,T-00268,B3-0030,B,Low,High,High,High,High,Low,Low,High,2,A>D>E>S,2,A>D>E>S,2,A>D>E>S,0,E>S>D>A,2,0,1555890386,-2,2,2,0,2,-2,-2,0,-2,2,2,0,A
train_0024,train_0024,p_at_oa_vs_q_at_oa,oA,P,Q,stage43,train,T-00269,B3-0031,A,Low,Medium,High,Low,Low,High,Low,Low,2,A>D>E>S,2,A>D>E>S,2,A>D>E>S,0,E>S>D>A,2,0,2006635515,0,-1,2,0,0,-1,2,0,0,-1,2,0,A
train_0025,train_0025,p_at_oa_vs_q_at_oa,oA,P,Q,stage43,train,T-00270,B3-0031,B,Low,Medium,High,Low,Low,High,Low,Low,3,D>A>S>E,3,D>A>S>E,3,D>A>S>E,1,S>E>A>D,2,0,4180477982,0,-1,2,0,0,1,-2,0,0,-1,2,0,A
train_0026,train_0026,p_at_oa_vs_q_at_oa,oA,P,Q,stage43,train,T-00273,B3-0033,A,Medium,High,Low,High,Medium,High,High,Medium,1,S>E>A>D,1,S>E>A>D,1,S>E>A>D,3,D>A>S>E,1,0,3588772291,0,0,-2,1,0,0,-2,1,0,0,-2,1,A
train_0027,train_0027,p_at_oa_vs_q_at_oa,oA,P,Q,stage43,train,T-00274,B3-0033,B,Medium,High,Low,High,Medium,High,High,Medium,2,A>D>E>S,2,A>D>E>S,2,A>D>E>S,0,E>S>D>A,2,0,254310668,0,0,-2,1,0,0,2,-1,0,0,-2,1,A
train_0028,train_0028,p_at_oa_vs_q_at_oa,oA,P,Q,stage43,train,T-00277,B3-0035,A,Low,Low,High,Medium,High,High,Low,Low,1,S>E>A>D,1,S>E>A>D,1,S>E>A>D,3,D>A>S>E,1,0,2140902613,-2,-2,2,1,-2,-2,2,1,-2,-2,2,1,A
train_0029,train_0029,p_at_oa_vs_q_at_oa,oA,P,Q,stage43,train,T-00278,B3-0035,B,Low,Low,High,Medium,High,High,Low,Low,2,A>D>E>S,2,A>D>E>S,2,A>D>E>S,2,A>D>E>S,0,0,3149289928,-2,-2,2,1,2,2,-2,-1,-2,-2,2,1,A
train_0030,train_0030,p_at_oa_vs_q_at_oa,oA,P,Q,stage43,train,T-00279,B3-0036,A,Low,High,High,Medium,High,Medium,Medium,Medium,0,E>S>D>A,0,E>S>D>A,0,E>S>D>A,1,S>E>A>D,1,0,3094800277,-2,1,1,0,-2,1,1,0,-2,1,1,0,A
train_0031,train_0031,p_at_oa_vs_q_at_oa,oA,P,Q,stage43,train,T-00283,B3-0038,A,Low,High,Medium,Low,Medium,High,Low,Low,3,D>A>S>E,3,D>A>S>E,3,D>A>S>E,2,A>D>E>S,2,0,2554974230,-1,0,1,0,-1,0,1,0,-1,0,1,0,A
train_0032,train_0032,p_at_oa_vs_q_at_oa,oA,P,Q,stage43,train,T-00284,B3-0038,B,Low,High,Medium,Low,Medium,High,Low,Low,3,D>A>S>E,3,D>A>S>E,3,D>A>S>E,2,A>D>E>S,1,0,3239131259,-1,0,1,0,1,0,-1,0,-1,0,1,0,A
train_0033,train_0033,p_at_oa_vs_q_at_oa,oA,P,Q,stage43,train,T-00285,B3-0039,A,Medium,High,Medium,High,High,High,Low,High,1,S>E>A>D,1,S>E>A>D,1,S>E>A>D,2,A>D>E>S,0,0,3751064554,-1,0,1,0,-1,0,1,0,-1,0,1,0,A
train_0034,train_0034,p_at_oa_vs_q_at_oa,oA,P,Q,stage43,train,T-00286,B3-0039,B,Medium,High,Medium,High,High,High,Low,High,0,E>S>D>A,0,E>S>D>A,0,E>S>D>A,1,S>E>A>D,2,0,1976066630,-1,0,1,0,1,0,-1,0,-1,0,1,0,A
train_0035,train_0035,p_at_oa_vs_q_at_oa,oA,P,Q,stage43,train,T-00290,B3-0041,B,Low,Low,Medium,High,Medium,High,Low,Low,3,D>A>S>E,3,D>A>S>E,3,D>A>S>E,0,E>S>D>A,0,0,298048825,-1,-2,1,2,1,2,-1,-2,-1,-2,1,2,A
train_0036,train_0036,p_at_oa_vs_q_at_oa,oA,P,Q,stage43,train,T-00296,B3-0044,B,Medium,High,High,High,High,Low,High,Medium,1,S>E>A>D,1,S>E>A>D,1,S>E>A>D,1,S>E>A>D,0,0,3664990882,-1,2,0,1,1,-2,0,-1,-1,2,0,1,A
train_0037,train_0037,p_at_oa_vs_q_at_oa,oA,P,Q,stage43,train,T-00298,B3-0045,B,High,Medium,Low,Medium,High,Medium,High,Low,2,A>D>E>S,2,A>D>E>S,2,A>D>E>S,2,A>D>E>S,0,0,870377637,0,0,-2,1,0,0,2,-1,0,0,-2,1,A
train_0038,train_0038,p_at_oa_vs_q_at_oa,oA,P,Q,stage43,train,T-00299,B3-0046,A,Low,Medium,Low,High,High,Medium,Medium,Medium,0,E>S>D>A,0,E>S>D>A,0,E>S>D>A,0,E>S>D>A,0,0,2066067721,-2,0,-1,1,-2,0,-1,1,-2,0,-1,1,A
train_0039,train_0039,p_at_oa_vs_q_at_oa,oA,P,Q,stage43,train,T-00303,B3-0048,A,Medium,High,High,Medium,High,Low,High,Medium,3,D>A>S>E,3,D>A>S>E,3,D>A>S>E,3,D>A>S>E,0,0,2082171501,-1,2,0,0,-1,2,0,0,-1,2,0,0,A
train_0040,train_0040,p_at_oa_vs_q_at_oa,oA,P,Q,stage43,train,T-00306,B3-0049,B,Low,High,Medium,Medium,High,High,High,Low,3,D>A>S>E,3,D>A>S>E,3,D>A>S>E,1,S>E>A>D,2,0,4023648051,-2,0,-1,1,2,0,1,-1,-2,0,-1,1,A
train_0041,train_0041,p_at_oa_vs_q_at_oa,oA,P,Q,stage43,train,T-00307,B3-0050,A,Medium,Low,High,Low,Medium,Medium,Medium,Low,0,E>S>D>A,0,E>S>D>A,0,E>S>D>A,3,D>A>S>E,1,0,3939296980,0,-1,1,0,0,-1,1,0,0,-1,1,0,A
train_0042,train_0042,p_at_oa_vs_q_at_oa,oA,P,Q,stage43,train,T-00309,B3-0051,A,Medium,High,High,Medium,High,Medium,Medium,High,3,D>A>S>E,3,D>A>S>E,3,D>A>S>E,0,E>S>D>A,0,0,2890487700,-1,1,1,-1,-1,1,1,-1,-1,1,1,-1,A
train_0043,train_0043,p_at_oa_vs_q_at_oa,oA,P,Q,stage43,train,T-00310,B3-0051,B,Medium,High,High,Medium,High,Medium,Medium,High,2,A>D>E>S,2,A>D>E>S,2,A>D>E>S,0,E>S>D>A,0,0,3829022237,-1,1,1,-1,1,-1,-1,1,-1,1,1,-1,A
train_0044,train_0044,p_at_oa_vs_q_at_oa,oA,P,Q,stage43,train,T-00314,B3-0053,B,Medium,Low,Medium,High,Medium,Medium,Medium,Low,2,A>D>E>S,2,A>D>E>S,2,A>D>E>S,2,A>D>E>S,1,0,448210890,0,-1,0,2,0,1,0,-2,0,-1,0,2,A
train_0045,train_0045,p_at_oa_vs_q_at_oa,oA,P,Q,stage43,train,T-00315,B3-0054,A,Low,Medium,High,Medium,High,Low,Low,Medium,2,A>D>E>S,2,A>D>E>S,2,A>D>E>S,2,A>D>E>S,1,0,2192512599,-2,1,2,0,-2,1,2,0,-2,1,2,0,A
train_0046,train_0046,p_at_oa_vs_q_at_oa,oA,P,Q,stage43,train,T-00321,B3-0057,A,Low,High,High,Low,Medium,Low,Low,Medium,0,E>S>D>A,0,E>S>D>A,0,E>S>D>A,1,S>E>A>D,0,0,3860489126,-1,2,2,-1,-1,2,2,-1,-1,2,2,-1,A
train_0047,train_0047,p_at_oa_vs_q_at_oa,oA,P,Q,stage43,train,T-00322,B3-0057,B,Low,High,High,Low,Medium,Low,Low,Medium,3,D>A>S>E,3,D>A>S>E,3,D>A>S>E,0,E>S>D>A,0,0,3526165300,-1,2,2,-1,1,-2,-2,1,-1,2,2,-1,A
train_0048,train_0048,p_at_oa_vs_q_at_oa,oA,P,Q,stage43,train,T-00329,B3-0061,A,Low,Medium,Low,High,Medium,Low,Low,Medium,0,E>S>D>A,0,E>S>D>A,0,E>S>D>A,3,D>A>S>E,2,0,579429725,-1,1,0,1,-1,1,0,1,-1,1,0,1,A
train_0049,train_0049,p_at_oa_vs_q_at_oa,oA,P,Q,stage43,train,T-00335,B3-0064,A,Low,High,High,Low,High,High,Low,High,1,S>E>A>D,1,S>E>A>D,1,S>E>A>D,0,E>S>D>A,1,0,778529479,-2,0,2,-2,-2,0,2,-2,-2,0,2,-2,A
train_0050,train_0050,p_at_oa_vs_q_at_oa,oA,P,Q,stage43,train,T-00336,B3-0064,B,Low,High,High,Low,High,High,Low,High,0,E>S>D>A,0,E>S>D>A,0,E>S>D>A,0,E>S>D>A,1,0,1842363430,-2,0,2,-2,2,0,-2,2,-2,0,2,-2,A
train_0051,train_0051,p_at_oa_vs_q_at_oa,oA,P,Q,stage43,train,T-00337,B3-0065,A,Medium,Medium,High,Low,Medium,High,Medium,Low,1,S>E>A>D,1,S>E>A>D,1,S>E>A>D,0,E>S>D>A,0,0,3820478609,0,-1,1,0,0,-1,1,0,0,-1,1,0,A
train_0052,train_0052,p_at_oa_vs_q_at_oa,oA,P,Q,stage43,train,T-00339,B3-0066,A,Low,Medium,Medium,Medium,High,Medium,Low,Medium,0,E>S>D>A,0,E>S>D>A,0,E>S>D>A,1,S>E>A>D,0,0,759444766,-2,0,1,0,-2,0,1,0,-2,0,1,0,A
train_0053,train_0053,p_at_oa_vs_q_at_oa,oA,P,Q,stage43,train,T-00341,B3-0067,A,Medium,Medium,High,Low,High,Medium,Medium,High,1,S>E>A>D,1,S>E>A>D,1,S>E>A>D,2,A>D>E>S,2,0,2298599492,-1,0,1,-2,-1,0,1,-2,-1,0,1,-2,A
train_0054,train_0054,p_at_oa_vs_q_at_oa,oA,P,Q,stage43,train,T-00345,B3-0069,A,Low,Medium,Medium,Medium,High,Low,Medium,Low,1,S>E>A>D,1,S>E>A>D,1,S>E>A>D,2,A>D>E>S,0,0,3274507576,-2,1,0,1,-2,1,0,1,-2,1,0,1,A
train_0055,train_0055,p_at_oa_vs_q_at_oa,oA,P,Q,stage43,train,T-00349,B3-0071,A,Medium,High,Low,High,High,Medium,Medium,Medium,0,E>S>D>A,0,E>S>D>A,0,E>S>D>A,2,A>D>E>S,1,0,4202891345,-1,1,-1,1,-1,1,-1,1,-1,1,-1,1,A
train_0056,train_0056,p_at_oa_vs_q_at_oa,oA,P,Q,stage43,train,T-00353,B3-0073,A,Medium,Low,High,Low,Medium,High,Medium,Low,2,A>D>E>S,2,A>D>E>S,2,A>D>E>S,0,E>S>D>A,0,0,1806794245,0,-2,1,0,0,-2,1,0,0,-2,1,0,A
train_0057,train_0057,p_at_oa_vs_q_at_oa,oA,P,Q,stage43,train,T-00357,B3-0075,A,Medium,Medium,High,Low,High,Low,Low,High,2,A>D>E>S,2,A>D>E>S,2,A>D>E>S,2,A>D>E>S,2,0,1168283799,-1,1,2,-2,-1,1,2,-2,-1,1,2,-2,A
train_0058,train_0058,p_at_oa_vs_q_at_oa,oA,P,Q,stage43,train,T-00364,B3-0078,B,Low,Medium,Low,High,Medium,Medium,Medium,Low,2,A>D>E>S,2,A>D>E>S,2,A>D>E>S,0,E>S>D>A,1,0,730590112,-1,0,-1,2,1,0,1,-2,-1,0,-1,2,A
train_0059,train_0059,p_at_oa_vs_q_at_oa,oA,P,Q,stage43,train,T-00365,B3-0079,A,Medium,Medium,Medium,High,Medium,High,Medium,Medium,2,A>D>E>S,2,A>D>E>S,2,A>D>E>S,3,D>A>S>E,0,0,3788623134,0,-1,0,1,0,-1,0,1,0,-1,0,1,A
train_0060,train_0060,p_at_oa_vs_q_at_oa,oA,P,Q,stage43,train,T-00369,B3-0081,A,High,Low,Medium,Medium,High,Medium,Low,Low,0,E>S>D>A,0,E>S>D>A,0,E>S>D>A,3,D>A>S>E,2,0,1735231513,0,-1,1,1,0,-1,1,1,0,-1,1,1,A
train_0061,train_0061,p_at_oa_vs_q_at_oa,oA,P,Q,stage43,train,T-00373,B3-0083,A,Medium,Low,High,High,Medium,High,Medium,Low,1,S>E>A>D,1,S>E>A>D,1,S>E>A>D,1,S>E>A>D,2,0,800485744,0,-2,1,2,0,-2,1,2,0,-2,1,2,A
train_0062,train_0062,p_at_oa_vs_q_at_oa,oA,P,Q,stage43,train,T-00377,B3-0085,A,Medium,Low,High,Low,Medium,High,Low,High,0,E>S>D>A,0,E>S>D>A,0,E>S>D>A,0,E>S>D>A,2,0,3904251594,0,-2,2,-2,0,-2,2,-2,0,-2,2,-2,A
train_0063,train_0063,p_at_oa_vs_q_at_oa,oA,P,Q,stage43,train,T-00378,B3-0085,B,Medium,Low,High,Low,Medium,High,Low,High,3,D>A>S>E,3,D>A>S>E,3,D>A>S>E,1,S>E>A>D,1,0,569103532,0,-2,2,-2,0,2,-2,2,0,-2,2,-2,A
train_0064,train_0064,p_at_oa_vs_q_at_oa,oA,P,Q,stage43,train,T-00379,B3-0086,A,Medium,Low,Medium,Medium,Medium,High,Low,Medium,2,A>D>E>S,2,A>D>E>S,2,A>D>E>S,2,A>D>E>S,0,0,2484673611,0,-2,1,0,0,-2,1,0,0,-2,1,0,A
train_0065,train_0065,p_at_oa_vs_q_at_oa,oA,P,Q,stage43,train,T-00380,B3-0086,B,Medium,Low,Medium,Medium,Medium,High,Low,Medium,2,A>D>E>S,2,A>D>E>S,2,A>D>E>S,2,A>D>E>S,1,0,20274683,0,-2,1,0,0,2,-1,0,0,-2,1,0,A
train_0066,train_0066,p_at_oa_vs_q_at_oa,oA,P,Q,stage43,train,T-00381,B3-0087,A,Medium,Low,High,Medium,Medium,Medium,High,Low,2,A>D>E>S,2,A>D>E>S,2,A>D>E>S,2,A>D>E>S,2,0,3840581811,0,-1,0,1,0,-1,0,1,0,-1,0,1,A
train_0067,train_0067,p_at_oa_vs_q_at_oa,oA,P,Q,stage43,train,T-00382,B3-0087,B,Medium,Low,High,Medium,Medium,Medium,High,Low,2,A>D>E>S,2,A>D>E>S,2,A>D>E>S,1,S>E>A>D,2,0,1205665682,0,-1,0,1,0,1,0,-1,0,-1,0,1,A
train_0068,train_0068,p_at_oa_vs_q_at_oa,oA,P,Q,stage43,train,T-00383,B3-0088,A,Medium,Medium,High,Low,High,Medium,Low,High,1,S>E>A>D,1,S>E>A>D,1,S>E>A>D,2,A>D>E>S,2,0,2965339638,-1,0,2,-2,-1,0,2,-2,-1,0,2,-2,A
train_0069,train_0069,p_at_oa_vs_q_at_oa,oA,P,Q,stage43,train,T-00385,B3-0089,A,Low,Medium,Low,Medium,Medium,High,Medium,Low,0,E>S>D>A,0,E>S>D>A,0,E>S>D>A,2,A>D>E>S,1,0,986183664,-1,-1,-1,1,-1,-1,-1,1,-1,-1,-1,1,A
train_0070,train_0070,p_at_oa_vs_q_at_oa,oA,P,Q,stage43,train,T-00386,B3-0089,B,Low,Medium,Low,Medium,Medium,High,Medium,Low,2,A>D>E>S,2,A>D>E>S,2,A>D>E>S,1,S>E>A>D,0,0,3771574187,-1,-1,-1,1,1,1,1,-1,-1,-1,-1,1,A
train_0071,train_0071,p_at_oa_vs_q_at_oa,oA,P,Q,stage43,train,T-00387,B3-0090,A,Low,Low,Low,High,High,Low,Low,Low,1,S>E>A>D,1,S>E>A>D,1,S>E>A>D,2,A>D>E>S,2,0,692074172,-2,0,0,2,-2,0,0,2,-2,0,0,2,A
train_0072,train_0072,p_at_oa_vs_q_at_oa,oA,P,Q,stage43,train,T-00388,B3-0090,B,Low,Low,Low,High,High,Low,Low,Low,1,S>E>A>D,1,S>E>A>D,1,S>E>A>D,3,D>A>S>E,0,0,2394762951,-2,0,0,2,2,0,0,-2,-2,0,0,2,A
train_0073,train_0073,p_at_oa_vs_q_at_oa,oA,P,Q,stage43,train,T-00393,B3-0093,A,Medium,Low,High,Low,High,Medium,Medium,Medium,2,A>D>E>S,2,A>D>E>S,2,A>D>E>S,0,E>S>D>A,0,0,4004166951,-1,-1,1,-1,-1,-1,1,-1,-1,-1,1,-1,A
train_0074,train_0074,p_at_oa_vs_q_at_oa,oA,P,Q,stage43,train,T-00397,B3-0095,A,Medium,Low,Medium,Medium,High,High,Low,Low,2,A>D>E>S,2,A>D>E>S,2,A>D>E>S,0,E>S>D>A,2,0,3192556560,-1,-2,1,1,-1,-2,1,1,-1,-2,1,1,A
train_0075,train_0075,p_at_oa_vs_q_at_oa,oA,P,Q,stage43,train,T-00399,B3-0096,A,Low,Low,Low,High,Low,Medium,Low,Low,3,D>A>S>E,3,D>A>S>E,3,D>A>S>E,3,D>A>S>E,0,0,508570858,0,-1,0,2,0,-1,0,2,0,-1,0,2,A
train_0076,train_0076,p_at_oa_vs_q_at_oa,oA,P,Q,stage43,train,T-00406,B3-0099,B,Low,High,Medium,Medium,High,Low,High,High,0,E>S>D>A,0,E>S>D>A,0,E>S>D>A,3,D>A>S>E,0,0,3297278642,-2,2,-1,-1,2,-2,1,1,-2,2,-1,-1,A
train_0077,train_0077,p_at_oa_vs_q_at_oa,oA,P,Q,stage43,train,T-00407,B3-0100,A,Low,High,High,Medium,Medium,Medium,Medium,Medium,1,S>E>A>D,1,S>E>A>D,1,S>E>A>D,3,D>A>S>E,0,0,88541032,-1,1,1,0,-1,1,1,0,-1,1,1,0,A
train_0078,train_0078,p_at_oa_vs_q_at_oa,oA,P,Q,stage43,train,T-00412,B3-0102,B,Medium,Low,High,High,High,Medium,High,Low,3,D>A>S>E,3,D>A>S>E,3,D>A>S>E,3,D>A>S>E,0,0,2224474744,-1,-1,0,2,1,1,0,-2,-1,-1,0,2,A
train_0079,train_0079,p_at_oa_vs_q_at_oa,oA,P,Q,stage43,train,T-00414,B3-0103,B,Medium,Low,Low,Medium,Medium,High,Medium,Low,3,D>A>S>E,3,D>A>S>E,3,D>A>S>E,1,S>E>A>D,0,0,927864699,0,-2,-1,1,0,2,1,-1,0,-2,-1,1,A
train_0080,train_0080,p_at_oa_vs_q_at_oa,oA,P,Q,stage43,train,T-00417,B3-0105,A,Low,Low,High,High,Low,High,High,Medium,1,S>E>A>D,1,S>E>A>D,1,S>E>A>D,0,E>S>D>A,0,0,1419167524,0,-2,0,1,0,-2,0,1,0,-2,0,1,A
train_0081,train_0081,p_at_oa_vs_q_at_oa,oA,P,Q,stage43,train,T-00419,B3-0106,A,Low,Low,High,High,High,High,Low,Low,0,E>S>D>A,0,E>S>D>A,0,E>S>D>A,3,D>A>S>E,0,0,510929707,-2,-2,2,2,-2,-2,2,2,-2,-2,2,2,A
train_0082,train_0082,p_at_oa_vs_q_at_oa,oA,P,Q,stage43,train,T-00421,B3-0107,A,Low,High,Medium,Low,High,Medium,Low,Medium,0,E>S>D>A,0,E>S>D>A,0,E>S>D>A,0,E>S>D>A,1,0,2062379394,-2,1,1,-1,-2,1,1,-1,-2,1,1,-1,A
train_0083,train_0083,p_at_oa_vs_q_at_oa,oA,P,Q,stage43,train,T-00427,B3-0110,A,Low,Low,Low,High,Low,Medium,High,Low,0,E>S>D>A,0,E>S>D>A,0,E>S>D>A,0,E>S>D>A,0,0,572192832,0,-1,-2,2,0,-1,-2,2,0,-1,-2,2,A
train_0084,train_0084,p_at_oa_vs_q_at_oa,oA,P,Q,stage43,train,T-00428,B3-0110,B,Low,Low,Low,High,Low,Medium,High,Low,0,E>S>D>A,0,E>S>D>A,0,E>S>D>A,0,E>S>D>A,2,0,2735827598,0,-1,-2,2,0,1,2,-2,0,-1,-2,2,A
train_0085,train_0085,p_at_oa_vs_q_at_oa,oA,P,Q,stage43,train,T-00432,B3-0112,B,Low,High,High,Low,High,Medium,Low,Low,1,S>E>A>D,1,S>E>A>D,1,S>E>A>D,2,A>D>E>S,1,0,996596933,-2,1,2,0,2,-1,-2,0,-2,1,2,0,A
train_0086,train_0086,p_at_oa_vs_q_at_oa,oA,P,Q,stage43,train,T-00433,B3-0113,A,Low,Medium,High,High,Medium,Medium,Medium,Low,1,S>E>A>D,1,S>E>A>D,1,S>E>A>D,3,D>A>S>E,1,0,743426822,-1,0,1,2,-1,0,1,2,-1,0,1,2,A
train_0087,train_0087,p_at_oa_vs_q_at_oa,oA,P,Q,stage43,train,T-00434,B3-0113,B,Low,Medium,High,High,Medium,Medium,Medium,Low,2,A>D>E>S,2,A>D>E>S,2,A>D>E>S,2,A>D>E>S,0,0,1081205952,-1,0,1,2,1,0,-1,-2,-1,0,1,2,A
train_0088,train_0088,p_at_oa_vs_q_at_oa,oA,P,Q,stage43,train,T-00437,B3-0115,A,Low,High,Medium,High,Medium,Medium,Medium,High,0,E>S>D>A,0,E>S>D>A,0,E>S>D>A,1,S>E>A>D,0,0,3631973293,-1,1,0,0,-1,1,0,0,-1,1,0,0,A
train_0089,train_0089,p_at_oa_vs_q_at_oa,oA,P,Q,stage43,train,T-00440,B3-0116,B,Low,Low,High,Medium,Medium,Low,Low,Low,1,S>E>A>D,1,S>E>A>D,1,S>E>A>D,0,E>S>D>A,2,0,1067370115,-1,0,2,1,1,0,-2,-1,-1,0,2,1,A
train_0090,train_0090,p_at_oa_vs_q_at_oa,oA,P,Q,stage43,train,T-00445,B3-0119,A,Low,Medium,Medium,Low,Medium,Medium,Low,Low,3,D>A>S>E,3,D>A>S>E,3,D>A>S>E,0,E>S>D>A,1,0,3951881845,-1,0,1,0,-1,0,1,0,-1,0,1,0,A
train_0091,train_0091,p_at_oa_vs_q_at_oa,oA,P,Q,stage43,train,T-00448,B3-0120,B,Low,Medium,Medium,Low,Medium,Medium,Low,Medium,2,A>D>E>S,2,A>D>E>S,2,A>D>E>S,3,D>A>S>E,0,0,3195346464,-1,0,1,-1,1,0,-1,1,-1,0,1,-1,A
train_0092,train_0092,p_at_oa_vs_q_at_oa,oA,P,Q,stage43,train,T-00449,B3-0121,A,Medium,Low,Medium,Low,Medium,High,Low,Medium,3,D>A>S>E,3,D>A>S>E,3,D>A>S>E,2,A>D>E>S,0,0,368087597,0,-2,1,-1,0,-2,1,-1,0,-2,1,-1,A
train_0093,train_0093,p_at_oa_vs_q_at_oa,oA,P,Q,stage43,train,T-00450,B3-0121,B,Medium,Low,Medium,Low,Medium,High,Low,Medium,3,D>A>S>E,3,D>A>S>E,3,D>A>S>E,3,D>A>S>E,2,0,3238728937,0,-2,1,-1,0,2,-1,1,0,-2,1,-1,A
train_0094,train_0094,p_at_oa_vs_q_at_oa,oA,P,Q,stage43,train,T-00453,B3-0123,A,Medium,High,High,Low,High,High,Low,High,2,A>D>E>S,2,A>D>E>S,2,A>D>E>S,2,A>D>E>S,0,0,4163757079,-1,0,2,-2,-1,0,2,-2,-1,0,2,-2,A
train_0095,train_0095,p_at_oa_vs_q_at_oa,oA,P,Q,stage43,train,T-00459,B3-0126,A,Low,High,Low,High,Medium,Low,High,Low,0,E>S>D>A,0,E>S>D>A,0,E>S>D>A,1,S>E>A>D,1,0,2927667658,-1,2,-2,2,-1,2,-2,2,-1,2,-2,2,A
train_0096,train_0096,p_at_oa_vs_q_at_oa,oA,P,Q,stage43,train,T-00460,B3-0126,B,Low,High,Low,High,Medium,Low,High,Low,1,S>E>A>D,1,S>E>A>D,1,S>E>A>D,3,D>A>S>E,0,0,675396707,-1,2,-2,2,1,-2,2,-2,-1,2,-2,2,A
train_0097,train_0097,p_at_oa_vs_q_at_oa,oA,P,Q,stage43,train,T-00461,B3-0127,A,Low,Medium,Low,Low,High,Low,Low,Low,3,D>A>S>E,3,D>A>S>E,3,D>A>S>E,3,D>A>S>E,1,0,58901539,-2,1,0,0,-2,1,0,0,-2,1,0,0,A
train_0098,train_0098,p_at_oa_vs_q_at_oa,oA,P,Q,stage43,train,T-00468,B3-0130,B,Low,High,High,Medium,Medium,High,Medium,Medium,0,E>S>D>A,0,E>S>D>A,0,E>S>D>A,0,E>S>D>A,0,0,513415800,-1,0,1,0,1,0,-1,0,-1,0,1,0,A
train_0099,train_0099,p_at_oa_vs_q_at_oa,oA,P,Q,stage43,train,T-00471,B3-0132,A,Low,Medium,Low,Medium,High,Low,Medium,Medium,0,E>S>D>A,0,E>S>D>A,0,E>S>D>A,2,A>D>E>S,1,0,3082611958,-2,1,-1,0,-2,1,-1,0,-2,1,-1,0,A
train_0100,train_0100,p_at_oa_vs_q_at_oa,oA,P,Q,stage43,train,T-00472,B3-0132,B,Low,Medium,Low,Medium,High,Low,Medium,Medium,2,A>D>E>S,2,A>D>E>S,2,A>D>E>S,2,A>D>E>S,0,0,1086514190,-2,1,-1,0,2,-1,1,0,-2,1,-1,0,A
train_0101,train_0101,p_at_oa_vs_q_at_oa,oA,P,Q,stage43,train,T-00474,B3-0133,B,Low,High,Low,Medium,High,Medium,Low,Medium,2,A>D>E>S,2,A>D>E>S,2,A>D>E>S,2,A>D>E>S,0,0,4174481794,-2,1,0,0,2,-1,0,0,-2,1,0,0,A
train_0102,train_0102,p_at_oa_vs_q_at_oa,oA,P,Q,stage43,train,T-00475,B3-0134,A,Medium,High,Low,Medium,High,Low,High,Low,1,S>E>A>D,1,S>E>A>D,1,S>E>A>D,2,A>D>E>S,2,0,992039499,-1,2,-2,1,-1,2,-2,1,-1,2,-2,1,A
train_0103,train_0103,p_at_oa_vs_q_at_oa,oA,P,Q,stage43,train,T-00480,B3-0136,B,High,Low,Medium,High,High,High,High,Medium,1,S>E>A>D,1,S>E>A>D,1,S>E>A>D,2,A>D>E>S,2,0,991405004,0,-2,-1,1,0,2,1,-1,0,-2,-1,1,A
train_0104,train_0104,p_at_oa_vs_q_at_oa,oA,P,Q,stage43,train,T-00483,B3-0138,A,Low,High,High,Low,Medium,Low,Medium,High,2,A>D>E>S,2,A>D>E>S,2,A>D>E>S,0,E>S>D>A,2,0,2599226567,-1,2,1,-2,-1,2,1,-2,-1,2,1,-2,A
train_0105,train_0105,p_at_oa_vs_q_at_oa,oA,P,Q,stage43,train,T-00484,B3-0138,B,Low,High,High,Low,Medium,Low,Medium,High,2,A>D>E>S,2,A>D>E>S,2,A>D>E>S,2,A>D>E>S,1,0,2180774355,-1,2,1,-2,1,-2,-1,2,-1,2,1,-2,A
train_0106,train_0106,p_at_oa_vs_q_at_oa,oA,P,Q,stage43,train,T-00495,B3-0144,A,Low,Medium,Low,High,Low,High,Low,Low,1,S>E>A>D,1,S>E>A>D,1,S>E>A>D,3,D>A>S>E,2,0,1825569772,0,-1,0,2,0,-1,0,2,0,-1,0,2,A
train_0107,train_0107,p_at_oa_vs_q_at_oa,oA,P,Q,stage43,train,T-00496,B3-0144,B,Low,Medium,Low,High,Low,High,Low,Low,3,D>A>S>E,3,D>A>S>E,3,D>A>S>E,3,D>A>S>E,2,0,4188174516,0,-1,0,2,0,1,0,-2,0,-1,0,2,A
train_0108,train_0108,p_at_oa_vs_q_at_oa,oA,P,Q,stage43,train,T-00498,B3-0145,B,Low,Low,High,Medium,High,Medium,Low,Medium,3,D>A>S>E,3,D>A>S>E,3,D>A>S>E,0,E>S>D>A,2,0,3583329995,-2,-1,2,0,2,1,-2,0,-2,-1,2,0,A
train_0109,train_0109,p_at_oa_vs_q_at_oa,oA,P,Q,stage43,train,T-00500,B3-0146,B,Low,Medium,High,High,High,Low,Medium,Low,0,E>S>D>A,0,E>S>D>A,0,E>S>D>A,0,E>S>D>A,0,0,2770284044,-2,1,1,2,2,-1,-1,-2,-2,1,1,2,A
train_0110,train_0110,p_at_oa_vs_q_at_oa,oA,P,Q,stage43,train,T-00505,B3-0149,A,Low,High,Medium,High,Medium,Medium,Low,Medium,2,A>D>E>S,2,A>D>E>S,2,A>D>E>S,2,A>D>E>S,0,0,3058566794,-1,1,1,1,-1,1,1,1,-1,1,1,1,A
train_0111,train_0111,p_at_oa_vs_q_at_oa,oA,P,Q,stage43,train,T-00506,B3-0149,B,Low,High,Medium,High,Medium,Medium,Low,Medium,0,E>S>D>A,0,E>S>D>A,0,E>S>D>A,2,A>D>E>S,0,0,1956600937,-1,1,1,1,1,-1,-1,-1,-1,1,1,1,A
train_0112,train_0112,p_at_oa_vs_q_at_oa,oA,P,Q,stage43,train,T-00509,B3-0151,A,Low,Medium,Low,Medium,High,Low,Low,Low,2,A>D>E>S,2,A>D>E>S,2,A>D>E>S,0,E>S>D>A,1,0,1670419993,-2,1,0,1,-2,1,0,1,-2,1,0,1,A
train_0113,train_0113,p_at_oa_vs_q_at_oa,oA,P,Q,stage43,train,T-00510,B3-0151,B,Low,Medium,Low,Medium,High,Low,Low,Low,3,D>A>S>E,3,D>A>S>E,3,D>A>S>E,0,E>S>D>A,2,0,2173052392,-2,1,0,1,2,-1,0,-1,-2,1,0,1,A
train_0114,train_0114,p_at_oa_vs_q_at_oa,oA,P,Q,stage43,train,T-00511,B3-0152,A,Medium,High,Low,Low,High,Low,Medium,High,2,A>D>E>S,2,A>D>E>S,2,A>D>E>S,3,D>A>S>E,0,0,1583115845,-1,2,-1,-2,-1,2,-1,-2,-1,2,-1,-2,A
train_0115,train_0115,p_at_oa_vs_q_at_oa,oA,P,Q,stage43,train,T-00512,B3-0152,B,Medium,High,Low,Low,High,Low,Medium,High,0,E>S>D>A,0,E>S>D>A,0,E>S>D>A,0,E>S>D>A,0,0,2074337580,-1,2,-1,-2,1,-2,1,2,-1,2,-1,-2,A
train_0116,train_0116,p_at_oa_vs_q_at_oa,oA,P,Q,stage43,train,T-00513,B3-0153,A,Low,High,Medium,Medium,Medium,Medium,High,Medium,3,D>A>S>E,3,D>A>S>E,3,D>A>S>E,3,D>A>S>E,1,0,2119892640,-1,1,-1,0,-1,1,-1,0,-1,1,-1,0,A
train_0117,train_0117,p_at_oa_vs_q_at_oa,oA,P,Q,stage43,train,T-00515,B3-0154,A,Low,Low,Low,Medium,Low,Low,Medium,Low,3,D>A>S>E,3,D>A>S>E,3,D>A>S>E,1,S>E>A>D,2,0,2665902273,0,0,-1,1,0,0,-1,1,0,0,-1,1,A
train_0118,train_0118,p_at_oa_vs_q_at_oa,oA,P,Q,stage43,train,T-00517,B3-0155,A,Medium,Medium,High,High,High,High,High,Low,1,S>E>A>D,1,S>E>A>D,1,S>E>A>D,3,D>A>S>E,0,0,2466113571,-1,-1,0,2,-1,-1,0,2,-1,-1,0,2,A
train_0119,train_0119,p_at_oa_vs_q_at_oa,oA,P,Q,stage43,train,T-00519,B3-0156,A,Low,Low,High,Low,Low,High,Medium,Medium,3,D>A>S>E,3,D>A>S>E,3,D>A>S>E,2,A>D>E>S,1,0,2326338353,0,-2,1,-1,0,-2,1,-1,0,-2,1,-1,A
train_0120,train_0120,p_at_oa_vs_q_at_oa,oA,P,Q,stage43,train,T-00520,B3-0156,B,Low,Low,High,Low,Low,High,Medium,Medium,3,D>A>S>E,3,D>A>S>E,3,D>A>S>E,1,S>E>A>D,0,0,922389715,0,-2,1,-1,0,2,-1,1,0,-2,1,-1,A
train_0121,train_0121,p_at_oa_vs_q_at_oa,oA,P,Q,stage43,train,T-00523,B3-0158,A,Medium,High,High,Low,High,Medium,Low,High,1,S>E>A>D,1,S>E>A>D,1,S>E>A>D,3,D>A>S>E,1,0,729052545,-1,1,2,-2,-1,1,2,-2,-1,1,2,-2,A
train_0122,train_0122,p_at_oa_vs_q_at_oa,oA,P,Q,stage43,train,T-00524,B3-0158,B,Medium,High,High,Low,High,Medium,Low,High,2,A>D>E>S,2,A>D>E>S,2,A>D>E>S,0,E>S>D>A,1,0,641475580,-1,1,2,-2,1,-1,-2,2,-1,1,2,-2,A
train_0123,train_0123,p_at_oa_vs_q_at_oa,oA,P,Q,stage43,train,T-00526,B3-0159,B,Medium,Medium,High,Medium,High,Low,High,High,2,A>D>E>S,2,A>D>E>S,2,A>D>E>S,1,S>E>A>D,0,0,2973917356,-1,1,0,-1,1,-1,0,1,-1,1,0,-1,A
train_0124,train_0124,p_at_oa_vs_q_at_oa,oA,P,Q,stage43,train,T-00527,B3-0160,A,Medium,Low,High,Medium,Medium,High,Low,Medium,1,S>E>A>D,1,S>E>A>D,1,S>E>A>D,3,D>A>S>E,0,0,3950901381,0,-2,2,0,0,-2,2,0,0,-2,2,0,A
train_0125,train_0125,p_at_oa_vs_q_at_oa,oA,P,Q,stage43,train,T-00528,B3-0160,B,Medium,Low,High,Medium,Medium,High,Low,Medium,2,A>D>E>S,2,A>D>E>S,2,A>D>E>S,1,S>E>A>D,2,0,4187832831,0,-2,2,0,0,2,-2,0,0,-2,2,0,A
train_0126,train_0126,p_at_oa_vs_q_at_oa,oA,P,Q,stage43,train,T-00533,B3-0163,A,Medium,Medium,Medium,High,High,Medium,Low,Medium,3,D>A>S>E,3,D>A>S>E,3,D>A>S>E,1,S>E>A>D,2,0,1442449590,-1,0,1,1,-1,0,1,1,-1,0,1,1,A
train_0127,train_0127,p_at_oa_vs_q_at_oa,oA,P,Q,stage43,train,T-00535,B3-0164,A,High,Low,Low,High,High,Low,Medium,Low,1,S>E>A>D,1,S>E>A>D,1,S>E>A>D,2,A>D>E>S,1,0,890189230,0,0,-1,2,0,0,-1,2,0,0,-1,2,A
train_0128,train_0128,p_at_oa_vs_q_at_oa,oA,P,Q,stage43,train,T-00538,B3-0165,B,Low,Low,Low,High,Medium,Medium,Low,Low,1,S>E>A>D,1,S>E>A>D,1,S>E>A>D,1,S>E>A>D,0,0,1012273073,-1,-1,0,2,1,1,0,-2,-1,-1,0,2,A
train_0129,train_0129,p_at_oa_vs_q_at_oa,oA,P,Q,stage43,train,T-00539,B3-0166,A,Medium,High,Medium,High,High,Medium,Medium,Low,0,E>S>D>A,0,E>S>D>A,0,E>S>D>A,1,S>E>A>D,1,0,2641174888,-1,1,0,2,-1,1,0,2,-1,1,0,2,A
train_0130,train_0130,p_at_oa_vs_q_at_oa,oA,P,Q,stage43,train,T-00542,B3-0167,B,Medium,Low,Medium,Medium,Medium,High,Low,High,0,E>S>D>A,0,E>S>D>A,0,E>S>D>A,1,S>E>A>D,0,0,440923498,0,-2,1,-1,0,2,-1,1,0,-2,1,-1,A
train_0131,train_0131,p_at_oa_vs_q_at_oa,oA,P,Q,stage43,train,T-00547,B3-0170,A,Low,Medium,Medium,Medium,Medium,High,Low,Medium,1,S>E>A>D,1,S>E>A>D,1,S>E>A>D,1,S>E>A>D,1,0,4050725849,-1,-1,1,0,-1,-1,1,0,-1,-1,1,0,A
train_0132,train_0132,p_at_oa_vs_q_at_oa,oA,P,Q,stage43,train,T-00549,B3-0171,A,Medium,High,High,Medium,High,High,High,Low,2,A>D>E>S,2,A>D>E>S,2,A>D>E>S,0,E>S>D>A,1,0,1864579105,-1,0,0,1,-1,0,0,1,-1,0,0,1,A
train_0133,train_0133,p_at_oa_vs_q_at_oa,oA,P,Q,stage43,train,T-00553,B3-0173,A,Medium,Medium,Medium,Medium,High,Low,High,High,2,A>D>E>S,2,A>D>E>S,2,A>D>E>S,2,A>D>E>S,1,0,4135943981,-1,1,-1,-1,-1,1,-1,-1,-1,1,-1,-1,A
train_0134,train_0134,p_at_oa_vs_q_at_oa,oA,P,Q,stage43,train,T-00560,B3-0176,B,Low,Low,Medium,High,Medium,Medium,High,Low,0,E>S>D>A,0,E>S>D>A,0,E>S>D>A,2,A>D>E>S,0,0,2788486077,-1,-1,-1,2,1,1,1,-2,-1,-1,-1,2,A
train_0135,train_0135,p_at_oa_vs_q_at_oa,oA,P,Q,stage43,train,T-00564,B3-0178,B,Low,Medium,Low,Medium,Low,Medium,Medium,Low,1,S>E>A>D,1,S>E>A>D,1,S>E>A>D,1,S>E>A>D,1,0,1778307137,0,0,-1,1,0,0,1,-1,0,0,-1,1,A
train_0136,train_0136,p_at_oa_vs_q_at_oa,oA,P,Q,stage43,train,T-00565,B3-0179,A,Low,Low,Medium,High,Medium,Low,High,Medium,3,D>A>S>E,3,D>A>S>E,3,D>A>S>E,2,A>D>E>S,1,0,2710686399,-1,0,-1,1,-1,0,-1,1,-1,0,-1,1,A
train_0137,train_0137,p_at_oa_vs_q_at_oa,oA,P,Q,stage43,train,T-00567,B3-0180,A,High,Low,Medium,High,High,High,Low,Medium,0,E>S>D>A,0,E>S>D>A,0,E>S>D>A,3,D>A>S>E,2,0,252079302,0,-2,1,1,0,-2,1,1,0,-2,1,1,A
train_0138,train_0138,p_at_oa_vs_q_at_oa,oA,P,Q,stage43,train,T-00569,B3-0181,A,Medium,Medium,Medium,High,High,Low,Low,High,2,A>D>E>S,2,A>D>E>S,2,A>D>E>S,1,S>E>A>D,2,0,890411219,-1,1,1,0,-1,1,1,0,-1,1,1,0,A
train_0139,train_0139,p_at_oa_vs_q_at_oa,oA,P,Q,stage43,train,T-00570,B3-0181,B,Medium,Medium,Medium,High,High,Low,Low,High,0,E>S>D>A,0,E>S>D>A,0,E>S>D>A,2,A>D>E>S,2,0,1659883927,-1,1,1,0,1,-1,-1,0,-1,1,1,0,A
train_0140,train_0140,p_at_oa_vs_q_at_oa,oA,P,Q,stage43,train,T-00571,B3-0182,A,Low,Medium,Medium,High,High,High,Medium,Medium,0,E>S>D>A,0,E>S>D>A,0,E>S>D>A,2,A>D>E>S,2,0,3307981273,-2,-1,0,1,-2,-1,0,1,-2,-1,0,1,A
train_0141,train_0141,p_at_oa_vs_q_at_oa,oA,P,Q,stage43,train,T-00572,B3-0182,B,Low,Medium,Medium,High,High,High,Medium,Medium,1,S>E>A>D,1,S>E>A>D,1,S>E>A>D,2,A>D>E>S,2,0,327724561,-2,-1,0,1,2,1,0,-1,-2,-1,0,1,A
train_0142,train_0142,p_at_oa_vs_q_at_oa,oA,P,Q,stage43,train,T-00573,B3-0183,A,Low,Medium,High,High,High,Low,Low,Medium,2,A>D>E>S,2,A>D>E>S,2,A>D>E>S,1,S>E>A>D,1,0,2237266243,-2,1,2,1,-2,1,2,1,-2,1,2,1,A
train_0143,train_0143,p_at_oa_vs_q_at_oa,oA,P,Q,stage43,train,T-00574,B3-0183,B,Low,Medium,High,High,High,Low,Low,Medium,2,A>D>E>S,2,A>D>E>S,2,A>D>E>S,0,E>S>D>A,1,0,3000678845,-2,1,2,1,2,-1,-2,-1,-2,1,2,1,A
train_0144,train_0144,p_at_oa_vs_q_at_oa,oA,P,Q,stage43,train,T-00576,B3-0184,B,Low,Medium,Medium,High,Medium,Medium,High,Medium,1,S>E>A>D,1,S>E>A>D,1,S>E>A>D,3,D>A>S>E,0,0,3020145506,-1,0,-1,1,1,0,1,-1,-1,0,-1,1,A
train_0145,train_0145,p_at_oa_vs_q_at_oa,oA,P,Q,stage43,train,T-00580,B3-0186,B,Low,Low,High,Low,Medium,Medium,Low,High,3,D>A>S>E,3,D>A>S>E,3,D>A>S>E,0,E>S>D>A,2,0,3511396237,-1,-1,2,-2,1,1,-2,2,-1,-1,2,-2,A
train_0146,train_0146,p_at_oa_vs_q_at_oa,oA,P,Q,stage43,train,T-00583,B3-0188,A,Low,High,Low,Medium,High,Low,Low,High,0,E>S>D>A,0,E>S>D>A,0,E>S>D>A,3,D>A>S>E,0,0,1777259297,-2,2,0,-1,-2,2,0,-1,-2,2,0,-1,A
train_0147,train_0147,p_at_oa_vs_q_at_oa,oA,P,Q,stage43,train,T-00585,B3-0189,A,Medium,Low,High,Medium,High,High,Low,High,3,D>A>S>E,3,D>A>S>E,3,D>A>S>E,0,E>S>D>A,2,0,2555977191,-1,-2,2,-1,-1,-2,2,-1,-1,-2,2,-1,A
train_0148,train_0148,p_at_oa_vs_q_at_oa,oA,P,Q,stage43,train,T-00587,B3-0190,A,Low,Low,Medium,Medium,High,High,Low,Low,2,A>D>E>S,2,A>D>E>S,2,A>D>E>S,0,E>S>D>A,2,0,3912153515,-2,-2,1,1,-2,-2,1,1,-2,-2,1,1,A
train_0149,train_0149,p_at_oa_vs_q_at_oa,oA,P,Q,stage43,train,T-00588,B3-0190,B,Low,Low,Medium,Medium,High,High,Low,Low,1,S>E>A>D,1,S>E>A>D,1,S>E>A>D,3,D>A>S>E,2,0,2427190179,-2,-2,1,1,2,2,-1,-1,-2,-2,1,1,A
train_0150,train_0150,p_at_oa_vs_q_at_oa,oA,P,Q,stage43,train,T-00592,B3-0192,B,Low,Medium,High,High,Medium,Low,High,Low,2,A>D>E>S,2,A>D>E>S,2,A>D>E>S,3,D>A>S>E,0,0,648136148,-1,1,0,2,1,-1,0,-2,-1,1,0,2,A
train_0151,train_0151,p_at_oa_vs_q_at_oa,oA,P,Q,stage43,train,T-00600,B3-0196,B,High,Medium,High,Low,High,High,Low,High,0,E>S>D>A,0,E>S>D>A,0,E>S>D>A,0,E>S>D>A,0,0,2832878955,0,-1,2,-2,0,1,-2,2,0,-1,2,-2,A
train_0152,train_0152,p_at_oa_vs_q_at_oa,oA,P,Q,stage43,train,T-00605,B3-0199,A,Medium,Medium,Medium,Medium,High,Medium,Low,Low,0,E>S>D>A,0,E>S>D>A,0,E>S>D>A,3,D>A>S>E,2,0,2125790696,-1,0,1,1,-1,0,1,1,-1,0,1,1,A
train_0153,train_0153,p_at_oa_vs_q_at_oa,oA,P,Q,stage43,train,T-00607,B3-0200,A,Low,Low,High,Medium,Medium,Medium,Medium,Low,2,A>D>E>S,2,A>D>E>S,2,A>D>E>S,1,S>E>A>D,1,0,1466416650,-1,-1,1,1,-1,-1,1,1,-1,-1,1,1,A
train_0154,train_0154,p_at_oa_vs_q_at_oa,oA,P,Q,stage43,train,T-00608,B3-0200,B,Low,Low,High,Medium,Medium,Medium,Medium,Low,2,A>D>E>S,2,A>D>E>S,2,A>D>E>S,0,E>S>D>A,2,0,613085266,-1,-1,1,1,1,1,-1,-1,-1,-1,1,1,A
train_0155,train_0155,p_at_oa_vs_q_at_oa,oA,P,Q,stage43,train,T-00612,B3-0202,B,Medium,Low,High,Medium,Medium,Medium,Low,Medium,3,D>A>S>E,3,D>A>S>E,3,D>A>S>E,0,E>S>D>A,2,0,2348059417,0,-1,2,0,0,1,-2,0,0,-1,2,0,A
train_0156,train_0156,p_at_oa_vs_q_at_oa,oA,P,Q,stage43,train,T-00615,B3-0204,A,Low,Medium,High,Low,High,Low,High,Medium,0,E>S>D>A,0,E>S>D>A,0,E>S>D>A,3,D>A>S>E,2,0,4112557050,-2,1,0,-1,-2,1,0,-1,-2,1,0,-1,A
train_0157,train_0157,p_at_oa_vs_q_at_oa,oA,P,Q,stage43,train,T-00618,B3-0205,B,Low,Medium,High,High,High,Low,High,Medium,0,E>S>D>A,0,E>S>D>A,0,E>S>D>A,2,A>D>E>S,2,0,443911837,-2,1,0,1,2,-1,0,-1,-2,1,0,1,A
train_0158,train_0158,p_at_oa_vs_q_at_oa,oA,P,Q,stage43,train,T-00620,B3-0206,B,Low,High,Medium,High,Low,High,High,Low,1,S>E>A>D,1,S>E>A>D,1,S>E>A>D,3,D>A>S>E,1,0,3441935423,0,0,-1,2,0,0,1,-2,0,0,-1,2,A
train_0159,train_0159,p_at_oa_vs_q_at_oa,oA,P,Q,stage43,train,T-00622,B3-0207,B,Medium,Medium,High,High,High,Low,High,Medium,0,E>S>D>A,0,E>S>D>A,0,E>S>D>A,3,D>A>S>E,1,0,964429013,-1,1,0,1,1,-1,0,-1,-1,1,0,1,A
train_0160,train_0160,p_at_oa_vs_q_at_oa,oA,P,Q,stage43,train,T-00627,B3-0210,A,Low,Medium,Medium,High,High,Medium,Medium,Low,1,S>E>A>D,1,S>E>A>D,1,S>E>A>D,0,E>S>D>A,0,0,1253948697,-2,0,0,2,-2,0,0,2,-2,0,0,2,A
train_0161,train_0161,p_at_oa_vs_q_at_oa,oA,P,Q,stage43,train,T-00631,B3-0212,A,Low,High,Medium,Medium,Medium,High,Low,Low,2,A>D>E>S,2,A>D>E>S,2,A>D>E>S,3,D>A>S>E,1,0,2746474762,-1,0,1,1,-1,0,1,1,-1,0,1,1,A
train_0162,train_0162,p_at_oa_vs_q_at_oa,oA,P,Q,stage43,train,T-00632,B3-0212,B,Low,High,Medium,Medium,Medium,High,Low,Low,2,A>D>E>S,2,A>D>E>S,2,A>D>E>S,3,D>A>S>E,2,0,1035328538,-1,0,1,1,1,0,-1,-1,-1,0,1,1,A
train_0163,train_0163,p_at_oa_vs_q_at_oa,oA,P,Q,stage43,train,T-00633,B3-0213,A,Medium,Medium,Medium,High,Medium,High,Low,Medium,1,S>E>A>D,1,S>E>A>D,1,S>E>A>D,1,S>E>A>D,2,0,2889332903,0,-1,1,1,0,-1,1,1,0,-1,1,1,A
train_0164,train_0164,p_at_oa_vs_q_at_oa,oA,P,Q,stage43,train,T-00634,B3-0213,B,Medium,Medium,Medium,High,Medium,High,Low,Medium,0,E>S>D>A,0,E>S>D>A,0,E>S>D>A,2,A>D>E>S,0,0,680351975,0,-1,1,1,0,1,-1,-1,0,-1,1,1,A
train_0165,train_0165,p_at_oa_vs_q_at_oa,oA,P,Q,stage43,train,T-00639,B3-0216,A,Medium,Low,Low,High,Medium,Low,Medium,Low,1,S>E>A>D,1,S>E>A>D,1,S>E>A>D,3,D>A>S>E,1,0,949414519,0,0,-1,2,0,0,-1,2,0,0,-1,2,A
train_0166,train_0166,p_at_oa_vs_q_at_oa,oA,P,Q,stage43,train,T-00641,B3-0217,A,Low,Low,Low,Medium,High,Low,Medium,Low,3,D>A>S>E,3,D>A>S>E,3,D>A>S>E,1,S>E>A>D,2,0,3142564155,-2,0,-1,1,-2,0,-1,1,-2,0,-1,1,A
train_0167,train_0167,p_at_oa_vs_q_at_oa,oA,P,Q,stage43,train,T-00642,B3-0217,B,Low,Low,Low,Medium,High,Low,Medium,Low,0,E>S>D>A,0,E>S>D>A,0,E>S>D>A,3,D>A>S>E,2,0,2719328958,-2,0,-1,1,2,0,1,-1,-2,0,-1,1,A
train_0168,train_0168,p_at_oa_vs_q_at_oa,oA,P,Q,stage43,train,T-00644,B3-0218,B,Low,Low,Low,High,Medium,Low,Low,Low,0,E>S>D>A,0,E>S>D>A,0,E>S>D>A,2,A>D>E>S,2,0,1545101054,-1,0,0,2,1,0,0,-2,-1,0,0,2,A
train_0169,train_0169,p_at_oa_vs_q_at_oa,oA,P,Q,stage43,train,T-00646,B3-0219,B,Low,Medium,High,Medium,Medium,Medium,High,Low,3,D>A>S>E,3,D>A>S>E,3,D>A>S>E,2,A>D>E>S,0,0,3777468472,-1,0,0,1,1,0,0,-1,-1,0,0,1,A
train_0170,train_0170,p_at_oa_vs_q_at_oa,oA,P,Q,stage43,train,T-00647,B3-0220,A,Low,Medium,Medium,Low,Medium,Low,High,Low,0,E>S>D>A,0,E>S>D>A,0,E>S>D>A,2,A>D>E>S,1,0,3205755047,-1,1,-1,0,-1,1,-1,0,-1,1,-1,0,A
train_0171,train_0171,p_at_oa_vs_q_at_oa,oA,P,Q,stage43,train,T-00649,B3-0221,A,Medium,Medium,Medium,Low,High,Medium,Low,Low,0,E>S>D>A,0,E>S>D>A,0,E>S>D>A,3,D>A>S>E,2,0,1565335184,-1,0,1,0,-1,0,1,0,-1,0,1,0,A
train_0172,train_0172,p_at_oa_vs_q_at_oa,oA,P,Q,stage43,train,T-00650,B3-0221,B,Medium,Medium,Medium,Low,High,Medium,Low,Low,0,E>S>D>A,0,E>S>D>A,0,E>S>D>A,3,D>A>S>E,0,0,2305690184,-1,0,1,0,1,0,-1,0,-1,0,1,0,A
train_0173,train_0173,p_at_oa_vs_q_at_oa,oA,P,Q,stage43,train,T-00655,B3-0224,A,Medium,Medium,High,High,High,Low,Low,High,2,A>D>E>S,2,A>D>E>S,2,A>D>E>S,2,A>D>E>S,2,0,2280132709,-1,1,2,0,-1,1,2,0,-1,1,2,0,A
train_0174,train_0174,p_at_oa_vs_q_at_oa,oA,P,Q,stage43,train,T-00656,B3-0224,B,Medium,Medium,High,High,High,Low,Low,High,1,S>E>A>D,1,S>E>A>D,1,S>E>A>D,3,D>A>S>E,2,0,3510962433,-1,1,2,0,1,-1,-2,0,-1,1,2,0,A
train_0175,train_0175,p_at_oa_vs_q_at_oa,oA,P,Q,stage43,train,T-00657,B3-0225,A,Low,Medium,Medium,High,Medium,High,High,Medium,3,D>A>S>E,3,D>A>S>E,3,D>A>S>E,1,S>E>A>D,1,0,437805514,-1,-1,-1,1,-1,-1,-1,1,-1,-1,-1,1,A
train_0176,train_0176,p_at_oa_vs_q_at_oa,oA,P,Q,stage43,train,T-00658,B3-0225,B,Low,Medium,Medium,High,Medium,High,High,Medium,3,D>A>S>E,3,D>A>S>E,3,D>A>S>E,2,A>D>E>S,0,0,133901444,-1,-1,-1,1,1,1,1,-1,-1,-1,-1,1,A
train_0177,train_0177,p_at_oa_vs_q_at_oa,oA,P,Q,stage43,train,T-00659,B3-0226,A,Low,High,High,High,Medium,Medium,High,High,2,A>D>E>S,2,A>D>E>S,2,A>D>E>S,0,E>S>D>A,2,0,3917877335,-1,1,0,0,-1,1,0,0,-1,1,0,0,A
train_0178,train_0178,p_at_oa_vs_q_at_oa,oA,P,Q,stage43,train,T-00661,B3-0227,A,Low,Low,Low,High,Low,Medium,Low,Medium,0,E>S>D>A,0,E>S>D>A,0,E>S>D>A,2,A>D>E>S,0,0,4275091796,0,-1,0,1,0,-1,0,1,0,-1,0,1,A
train_0179,train_0179,p_at_oa_vs_q_at_oa,oA,P,Q,stage43,train,T-00662,B3-0227,B,Low,Low,Low,High,Low,Medium,Low,Medium,3,D>A>S>E,3,D>A>S>E,3,D>A>S>E,1,S>E>A>D,1,0,2845379050,0,-1,0,1,0,1,0,-1,0,-1,0,1,A
train_0180,train_0180,p_at_oa_vs_q_at_oa,oA,P,Q,stage43,train,T-00670,B3-0231,B,Low,High,Medium,High,Medium,Medium,Medium,Medium,0,E>S>D>A,0,E>S>D>A,0,E>S>D>A,0,E>S>D>A,0,0,3438230398,-1,1,0,1,1,-1,0,-1,-1,1,0,1,A
train_0181,train_0181,p_at_oa_vs_q_at_oa,oA,P,Q,stage43,train,T-00671,B3-0232,A,Low,High,High,High,High,Medium,Medium,High,1,S>E>A>D,1,S>E>A>D,1,S>E>A>D,1,S>E>A>D,1,0,2281813660,-2,1,1,0,-2,1,1,0,-2,1,1,0,A
train_0182,train_0182,p_at_oa_vs_q_at_oa,oA,P,Q,stage43,train,T-00673,B3-0233,A,Medium,Medium,Medium,Medium,Medium,High,High,Low,3,D>A>S>E,3,D>A>S>E,3,D>A>S>E,1,S>E>A>D,2,0,2198072359,0,-1,-1,1,0,-1,-1,1,0,-1,-1,1,A
train_0183,train_0183,p_at_oa_vs_q_at_oa,oA,P,Q,stage43,train,T-00675,B3-0234,A,Medium,Low,Medium,Low,High,Low,Low,Medium,3,D>A>S>E,3,D>A>S>E,3,D>A>S>E,0,E>S>D>A,1,0,534326384,-1,0,1,-1,-1,0,1,-1,-1,0,1,-1,A
train_0184,train_0184,p_at_oa_vs_q_at_oa,oA,P,Q,stage43,train,T-00676,B3-0234,B,Medium,Low,Medium,Low,High,Low,Low,Medium,3,D>A>S>E,3,D>A>S>E,3,D>A>S>E,2,A>D>E>S,1,0,4116634241,-1,0,1,-1,1,0,-1,1,-1,0,1,-1,A
train_0185,train_0185,p_at_oa_vs_q_at_oa,oA,P,Q,stage43,train,T-00677,B3-0235,A,Low,Medium,High,Low,High,Medium,Low,Medium,0,E>S>D>A,0,E>S>D>A,0,E>S>D>A,0,E>S>D>A,1,0,984464341,-2,0,2,-1,-2,0,2,-1,-2,0,2,-1,A
train_0186,train_0186,p_at_oa_vs_q_at_oa,oA,P,Q,stage43,train,T-00679,B3-0236,A,Medium,Low,Low,Medium,Medium,Low,Medium,Low,3,D>A>S>E,3,D>A>S>E,3,D>A>S>E,2,A>D>E>S,2,0,2256253939,0,0,-1,1,0,0,-1,1,0,0,-1,1,A
train_0187,train_0187,p_at_oa_vs_q_at_oa,oA,P,Q,stage43,train,T-00680,B3-0236,B,Medium,Low,Low,Medium,Medium,Low,Medium,Low,1,S>E>A>D,1,S>E>A>D,1,S>E>A>D,1,S>E>A>D,2,0,43525788,0,0,-1,1,0,0,1,-1,0,0,-1,1,A
train_0188,train_0188,p_at_oa_vs_q_at_oa,oA,P,Q,stage43,train,T-00682,B3-0237,B,Low,Medium,High,High,Low,High,High,Medium,1,S>E>A>D,1,S>E>A>D,1,S>E>A>D,2,A>D>E>S,2,0,388217513,0,-1,0,1,0,1,0,-1,0,-1,0,1,A
train_0189,train_0189,p_at_oa_vs_q_at_oa,oA,P,Q,stage43,train,T-00684,B3-0238,B,Medium,High,Low,High,High,High,Medium,Medium,1,S>E>A>D,1,S>E>A>D,1,S>E>A>D,3,D>A>S>E,0,0,1555538919,-1,0,-1,1,1,0,1,-1,-1,0,-1,1,A
train_0190,train_0190,p_at_oa_vs_q_at_oa,oA,P,Q,stage43,train,T-00686,B3-0239,B,Medium,High,Medium,Medium,High,Low,Medium,High,3,D>A>S>E,3,D>A>S>E,3,D>A>S>E,2,A>D>E>S,2,0,4057047513,-1,2,0,-1,1,-2,0,1,-1,2,0,-1,A
train_0191,train_0191,p_at_oa_vs_q_at_oa,oA,P,Q,stage43,train,T-00687,B3-0240,A,Medium,Medium,Medium,High,High,Medium,Low,Low,2,A>D>E>S,2,A>D>E>S,2,A>D>E>S,2,A>D>E>S,2,0,1837160086,-1,0,1,2,-1,0,1,2,-1,0,1,2,A
train_0192,train_0192,p_at_oa_vs_q_at_oa,oA,P,Q,stage43,train,T-00688,B3-0240,B,Medium,Medium,Medium,High,High,Medium,Low,Low,2,A>D>E>S,2,A>D>E>S,2,A>D>E>S,3,D>A>S>E,1,0,3957843556,-1,0,1,2,1,0,-1,-2,-1,0,1,2,A
train_0193,train_0193,p_at_oa_vs_q_at_oa,oA,P,Q,stage43,train,T-00691,B3-0242,A,Low,Medium,Medium,Medium,Medium,High,Low,High,3,D>A>S>E,3,D>A>S>E,3,D>A>S>E,2,A>D>E>S,1,0,193636491,-1,-1,1,-1,-1,-1,1,-1,-1,-1,1,-1,A
train_0194,train_0194,p_at_oa_vs_q_at_oa,oA,P,Q,stage43,train,T-00692,B3-0242,B,Low,Medium,Medium,Medium,Medium,High,Low,High,0,E>S>D>A,0,E>S>D>A,0,E>S>D>A,1,S>E>A>D,1,0,168640020,-1,-1,1,-1,1,1,-1,1,-1,-1,1,-1,A
train_0195,train_0195,p_at_oa_vs_q_at_oa,oA,P,Q,stage43,train,T-00694,B3-0243,B,Medium,Low,Low,High,Medium,Low,High,Medium,0,E>S>D>A,0,E>S>D>A,0,E>S>D>A,1,S>E>A>D,1,0,2415550129,0,0,-2,1,0,0,2,-1,0,0,-2,1,A
train_0196,train_0196,p_at_oa_vs_q_at_oa,oA,P,Q,stage43,train,T-00695,B3-0244,A,Low,High,Medium,Medium,Medium,Medium,Low,High,3,D>A>S>E,3,D>A>S>E,3,D>A>S>E,2,A>D>E>S,1,0,420685705,-1,1,1,-1,-1,1,1,-1,-1,1,1,-1,A
train_0197,train_0197,p_at_oa_vs_q_at_oa,oA,P,Q,stage43,train,T-00696,B3-0244,B,Low,High,Medium,Medium,Medium,Medium,Low,High,3,D>A>S>E,3,D>A>S>E,3,D>A>S>E,3,D>A>S>E,1,0,1201471087,-1,1,1,-1,1,-1,-1,1,-1,1,1,-1,A
train_0198,train_0198,p_at_oa_vs_q_at_oa,oA,P,Q,stage43,train,T-00697,B3-0245,A,Low,Low,High,Medium,High,Medium,High,Low,0,E>S>D>A,0,E>S>D>A,0,E>S>D>A,3,D>A>S>E,0,0,3799509332,-2,-1,0,1,-2,-1,0,1,-2,-1,0,1,A
train_0199,train_0199,p_at_oa_vs_q_at_oa,oA,P,Q,stage43,train,T-00698,B3-0245,B,Low,Low,High,Medium,High,Medium,High,Low,1,S>E>A>D,1,S>E>A>D,1,S>E>A>D,0,E>S>D>A,0,0,4203614233,-2,-1,0,1,2,1,0,-1,-2,-1,0,1,A
train_0200,train_0200,p_at_oa_vs_q_at_oa,oA,P,Q,stage43,train,T-00701,B3-0247,A,Medium,Medium,High,High,Medium,High,Low,Medium,1,S>E>A>D,1,S>E>A>D,1,S>E>A>D,3,D>A>S>E,0,0,1148284905,0,-1,2,1,0,-1,2,1,0,-1,2,1,A
train_0201,train_0201,p_at_oa_vs_q_at_oa,oA,P,Q,stage43,train,T-00702,B3-0247,B,Medium,Medium,High,High,Medium,High,Low,Medium,1,S>E>A>D,1,S>E>A>D,1,S>E>A>D,3,D>A>S>E,0,0,3812186127,0,-1,2,1,0,1,-2,-1,0,-1,2,1,A
train_0202,train_0202,p_at_oa_vs_q_at_oa,oA,P,Q,stage43,train,T-00705,B3-0249,A,Low,Low,Medium,High,High,Medium,Low,Medium,1,S>E>A>D,1,S>E>A>D,1,S>E>A>D,1,S>E>A>D,0,0,230915315,-2,-1,1,1,-2,-1,1,1,-2,-1,1,1,A
train_0203,train_0203,p_at_oa_vs_q_at_oa,oA,P,Q,stage43,train,T-00706,B3-0249,B,Low,Low,Medium,High,High,Medium,Low,Medium,0,E>S>D>A,0,E>S>D>A,0,E>S>D>A,2,A>D>E>S,1,0,3266133455,-2,-1,1,1,2,1,-1,-1,-2,-1,1,1,A
train_0204,train_0204,p_at_oa_vs_q_at_oa,oA,P,Q,stage43,train,T-00707,B3-0250,A,Medium,Medium,High,Low,High,Low,Low,Medium,2,A>D>E>S,2,A>D>E>S,2,A>D>E>S,2,A>D>E>S,2,0,1668841454,-1,1,2,-1,-1,1,2,-1,-1,1,2,-1,A
train_0205,train_0205,p_at_oa_vs_q_at_oa,oA,P,Q,stage43,train,T-00708,B3-0250,B,Medium,Medium,High,Low,High,Low,Low,Medium,3,D>A>S>E,3,D>A>S>E,3,D>A>S>E,0,E>S>D>A,1,0,2476796734,-1,1,2,-1,1,-1,-2,1,-1,1,2,-1,A
train_0206,train_0206,p_at_oa_vs_q_at_oa,oA,P,Q,stage43,train,T-00710,B3-0251,B,Low,High,Medium,High,High,Low,High,High,2,A>D>E>S,2,A>D>E>S,2,A>D>E>S,3,D>A>S>E,2,0,4054919746,-2,2,-1,0,2,-2,1,0,-2,2,-1,0,A
train_0207,train_0207,p_at_oa_vs_q_at_oa,oA,P,Q,stage43,train,T-00716,B3-0254,B,Low,High,Low,High,High,Low,Medium,Low,2,A>D>E>S,2,A>D>E>S,2,A>D>E>S,3,D>A>S>E,2,0,3182973942,-2,2,-1,2,2,-2,1,-2,-2,2,-1,2,A
train_0208,train_0208,p_at_oa_vs_q_at_oa,oA,P,Q,stage43,train,T-00719,B3-0256,A,Medium,Low,Medium,Medium,High,Medium,Low,Low,0,E>S>D>A,0,E>S>D>A,0,E>S>D>A,0,E>S>D>A,0,0,2753730208,-1,-1,1,1,-1,-1,1,1,-1,-1,1,1,A
train_0209,train_0209,p_at_oa_vs_q_at_oa,oA,P,Q,stage43,train,T-00720,B3-0256,B,Medium,Low,Medium,Medium,High,Medium,Low,Low,3,D>A>S>E,3,D>A>S>E,3,D>A>S>E,2,A>D>E>S,0,0,3582871404,-1,-1,1,1,1,1,-1,-1,-1,-1,1,1,A
train_0210,train_0210,p_at_oa_vs_q_at_oa,oA,P,Q,stage43,train,T-00722,B3-0257,B,High,Medium,Medium,Medium,High,High,Medium,Low,3,D>A>S>E,3,D>A>S>E,3,D>A>S>E,0,E>S>D>A,1,0,789506254,0,-1,0,1,0,1,0,-1,0,-1,0,1,A
train_0211,train_0211,p_at_oa_vs_q_at_oa,oA,P,Q,stage43,train,T-00724,B3-0258,B,Medium,Low,High,Medium,High,High,Low,Low,0,E>S>D>A,0,E>S>D>A,0,E>S>D>A,2,A>D>E>S,2,0,3753794139,-1,-2,2,1,1,2,-2,-1,-1,-2,2,1,A
train_0212,train_0212,p_at_oa_vs_q_at_oa,oA,P,Q,stage43,train,T-00726,B3-0259,B,Medium,Low,High,High,High,Medium,Medium,Low,0,E>S>D>A,0,E>S>D>A,0,E>S>D>A,2,A>D>E>S,0,0,1206970070,-1,-1,1,2,1,1,-1,-2,-1,-1,1,2,A
train_0213,train_0213,p_at_oa_vs_q_at_oa,oA,P,Q,stage43,train,T-00727,B3-0260,A,Medium,Medium,High,Medium,Medium,High,Low,High,2,A>D>E>S,2,A>D>E>S,2,A>D>E>S,1,S>E>A>D,0,0,1067545925,0,-1,2,-1,0,-1,2,-1,0,-1,2,-1,A
train_0214,train_0214,p_at_oa_vs_q_at_oa,oA,P,Q,stage43,train,T-00730,B3-0261,B,Medium,Medium,Low,Medium,Medium,Medium,Medium,Low,0,E>S>D>A,0,E>S>D>A,0,E>S>D>A,1,S>E>A>D,1,0,979594039,0,0,-1,1,0,0,1,-1,0,0,-1,1,A
train_0215,train_0215,p_at_oa_vs_q_at_oa,oA,P,Q,stage43,train,T-00736,B3-0264,B,Low,Medium,High,Low,Low,High,Medium,Low,2,A>D>E>S,2,A>D>E>S,2,A>D>E>S,3,D>A>S>E,1,0,3349504162,0,-1,1,0,0,1,-1,0,0,-1,1,0,A
train_0216,train_0216,p_at_oa_vs_q_at_oa,oA,P,Q,stage43,train,T-00738,B3-0265,B,Low,High,Low,High,High,Medium,High,Medium,2,A>D>E>S,2,A>D>E>S,2,A>D>E>S,3,D>A>S>E,0,0,2462380393,-2,1,-2,1,2,-1,2,-1,-2,1,-2,1,A
train_0217,train_0217,p_at_oa_vs_q_at_oa,oA,P,Q,stage43,train,T-00740,B3-0266,B,Low,Low,High,High,Medium,Medium,High,Medium,3,D>A>S>E,3,D>A>S>E,3,D>A>S>E,0,E>S>D>A,0,0,3151570232,-1,-1,0,1,1,1,0,-1,-1,-1,0,1,A
train_0218,train_0218,p_at_oa_vs_q_at_oa,oA,P,Q,stage43,train,T-00742,B3-0267,B,Low,High,Low,High,High,Medium,Low,Low,1,S>E>A>D,1,S>E>A>D,1,S>E>A>D,1,S>E>A>D,2,0,1797490437,-2,1,0,2,2,-1,0,-2,-2,1,0,2,A
train_0219,train_0219,p_at_oa_vs_q_at_oa,oA,P,Q,stage43,train,T-00745,B3-0269,A,Low,Low,High,High,Medium,Medium,Medium,Medium,0,E>S>D>A,0,E>S>D>A,0,E>S>D>A,0,E>S>D>A,1,0,2298028590,-1,-1,1,1,-1,-1,1,1,-1,-1,1,1,A
train_0220,train_0220,p_at_oa_vs_q_at_oa,oA,P,Q,stage43,train,T-00746,B3-0269,B,Low,Low,High,High,Medium,Medium,Medium,Medium,1,S>E>A>D,1,S>E>A>D,1,S>E>A>D,3,D>A>S>E,0,0,337797407,-1,-1,1,1,1,1,-1,-1,-1,-1,1,1,A
train_0221,train_0221,p_at_oa_vs_q_at_oa,oA,P,Q,stage43,train,T-00747,B3-0270,A,Medium,Low,Low,High,High,Low,Medium,Medium,0,E>S>D>A,0,E>S>D>A,0,E>S>D>A,2,A>D>E>S,1,0,1843982975,-1,0,-1,1,-1,0,-1,1,-1,0,-1,1,A
train_0222,train_0222,p_at_oa_vs_q_at_oa,oA,P,Q,stage43,train,T-00748,B3-0270,B,Medium,Low,Low,High,High,Low,Medium,Medium,3,D>A>S>E,3,D>A>S>E,3,D>A>S>E,3,D>A>S>E,2,0,237742658,-1,0,-1,1,1,0,1,-1,-1,0,-1,1,A
train_0223,train_0223,p_at_oa_vs_q_at_oa,oA,P,Q,stage43,train,T-00751,B3-0272,A,Medium,Low,Low,High,High,High,Low,Low,1,S>E>A>D,1,S>E>A>D,1,S>E>A>D,0,E>S>D>A,0,0,4190939660,-1,-2,0,2,-1,-2,0,2,-1,-2,0,2,A
train_0224,train_0224,p_at_oa_vs_q_at_oa,oA,P,Q,stage43,train,T-00752,B3-0272,B,Medium,Low,Low,High,High,High,Low,Low,2,A>D>E>S,2,A>D>E>S,2,A>D>E>S,1,S>E>A>D,1,0,4279956896,-1,-2,0,2,1,2,0,-2,-1,-2,0,2,A
train_0225,train_0225,p_at_oa_vs_q_at_oa,oA,P,Q,stage43,train,T-00755,B3-0274,A,Medium,High,Medium,Medium,Medium,High,High,Low,2,A>D>E>S,2,A>D>E>S,2,A>D>E>S,0,E>S>D>A,1,0,2566000366,0,0,-1,1,0,0,-1,1,0,0,-1,1,A
train_0226,train_0226,p_at_oa_vs_q_at_oa,oA,P,Q,stage43,train,T-00756,B3-0274,B,Medium,High,Medium,Medium,Medium,High,High,Low,0,E>S>D>A,0,E>S>D>A,0,E>S>D>A,2,A>D>E>S,0,0,110936430,0,0,-1,1,0,0,1,-1,0,0,-1,1,A
train_0227,train_0227,p_at_oa_vs_q_at_oa,oA,P,Q,stage43,train,T-00760,B3-0276,B,Low,Medium,Medium,Low,Medium,Low,Medium,High,0,E>S>D>A,0,E>S>D>A,0,E>S>D>A,0,E>S>D>A,0,0,1084395611,-1,1,0,-2,1,-1,0,2,-1,1,0,-2,A
train_0228,train_0228,p_at_oa_vs_q_at_oa,oA,P,Q,stage43,train,T-00762,B3-0277,B,Low,Medium,Medium,Medium,Medium,High,Low,Low,3,D>A>S>E,3,D>A>S>E,3,D>A>S>E,3,D>A>S>E,1,0,114303250,-1,-1,1,1,1,1,-1,-1,-1,-1,1,1,A
train_0229,train_0229,p_at_oa_vs_q_at_oa,oA,P,Q,stage43,train,T-00765,B3-0279,A,Medium,Medium,Low,Medium,High,Low,Medium,Low,1,S>E>A>D,1,S>E>A>D,1,S>E>A>D,1,S>E>A>D,1,0,2584620700,-1,1,-1,1,-1,1,-1,1,-1,1,-1,1,A
train_0230,train_0230,p_at_oa_vs_q_at_oa,oA,P,Q,stage43,train,T-00766,B3-0279,B,Medium,Medium,Low,Medium,High,Low,Medium,Low,0,E>S>D>A,0,E>S>D>A,0,E>S>D>A,3,D>A>S>E,1,0,3198785854,-1,1,-1,1,1,-1,1,-1,-1,1,-1,1,A
train_0231,train_0231,p_at_oa_vs_q_at_oa,oA,P,Q,stage43,train,T-00767,B3-0280,A,Low,Low,Medium,Medium,Medium,Medium,Low,Medium,2,A>D>E>S,2,A>D>E>S,2,A>D>E>S,0,E>S>D>A,2,0,4226619796,-1,-1,1,0,-1,-1,1,0,-1,-1,1,0,A
train_0232,train_0232,p_at_oa_vs_q_at_oa,oA,P,Q,stage43,train,T-00769,B3-0281,A,Low,Medium,Medium,High,Medium,Low,High,Low,3,D>A>S>E,3,D>A>S>E,3,D>A>S>E,3,D>A>S>E,0,0,689153060,-1,1,-1,2,-1,1,-1,2,-1,1,-1,2,A
train_0233,train_0233,p_at_oa_vs_q_at_oa,oA,P,Q,stage43,train,T-00772,B3-0282,B,Medium,High,High,Low,High,High,Low,Low,2,A>D>E>S,2,A>D>E>S,2,A>D>E>S,1,S>E>A>D,1,0,716063799,-1,0,2,0,1,0,-2,0,-1,0,2,0,A
train_0234,train_0234,p_at_oa_vs_q_at_oa,oA,P,Q,stage43,train,T-00774,B3-0283,B,Low,Low,Low,Medium,Low,High,Low,Low,3,D>A>S>E,3,D>A>S>E,3,D>A>S>E,0,E>S>D>A,2,0,373122164,0,-2,0,1,0,2,0,-1,0,-2,0,1,A
train_0235,train_0235,p_at_oa_vs_q_at_oa,oA,P,Q,stage43,train,T-00777,B3-0285,A,Low,High,Medium,Medium,Medium,Low,Medium,Low,0,E>S>D>A,0,E>S>D>A,0,E>S>D>A,2,A>D>E>S,2,0,1951534192,-1,2,0,1,-1,2,0,1,-1,2,0,1,A
train_0236,train_0236,p_at_oa_vs_q_at_oa,oA,P,Q,stage43,train,T-00779,B3-0286,A,Low,High,Medium,Medium,Medium,Low,High,Low,1,S>E>A>D,1,S>E>A>D,1,S>E>A>D,0,E>S>D>A,2,0,1283188685,-1,2,-1,1,-1,2,-1,1,-1,2,-1,1,A
train_0237,train_0237,p_at_oa_vs_q_at_oa,oA,P,Q,stage43,train,T-00780,B3-0286,B,Low,High,Medium,Medium,Medium,Low,High,Low,0,E>S>D>A,0,E>S>D>A,0,E>S>D>A,0,E>S>D>A,2,0,495568881,-1,2,-1,1,1,-2,1,-1,-1,2,-1,1,A
train_0238,train_0238,p_at_oa_vs_q_at_oa,oA,P,Q,stage43,train,T-00787,B3-0290,A,Low,High,Medium,High,High,Medium,Low,Medium,1,S>E>A>D,1,S>E>A>D,1,S>E>A>D,3,D>A>S>E,0,0,107966320,-2,1,1,1,-2,1,1,1,-2,1,1,1,A
train_0239,train_0239,p_at_oa_vs_q_at_oa,oA,P,Q,stage43,train,T-00789,B3-0291,A,High,Low,Medium,Low,High,High,Low,Medium,0,E>S>D>A,0,E>S>D>A,0,E>S>D>A,3,D>A>S>E,0,0,3165806457,0,-2,1,-1,0,-2,1,-1,0,-2,1,-1,A
train_0240,train_0240,p_at_oa_vs_q_at_oa,oA,P,Q,stage43,train,T-00791,B3-0292,A,Medium,High,Medium,High,High,Low,Medium,High,1,S>E>A>D,1,S>E>A>D,1,S>E>A>D,1,S>E>A>D,2,0,2863155782,-1,2,0,0,-1,2,0,0,-1,2,0,0,A
train_0241,train_0241,p_at_oa_vs_q_at_oa,oA,P,Q,stage43,train,T-00794,B3-0293,B,Low,Medium,Medium,Medium,High,Low,Low,High,2,A>D>E>S,2,A>D>E>S,2,A>D>E>S,2,A>D>E>S,0,0,2838202216,-2,1,1,-1,2,-1,-1,1,-2,1,1,-1,A
train_0242,train_0242,p_at_oa_vs_q_at_oa,oA,P,Q,stage43,train,T-00795,B3-0294,A,Low,High,Low,Medium,Medium,Low,Medium,Medium,3,D>A>S>E,3,D>A>S>E,3,D>A>S>E,1,S>E>A>D,1,0,4046505333,-1,2,-1,0,-1,2,-1,0,-1,2,-1,0,A
train_0243,train_0243,p_at_oa_vs_q_at_oa,oA,P,Q,stage43,train,T-00799,B3-0296,A,Low,High,Medium,Medium,High,Low,High,Medium,3,D>A>S>E,3,D>A>S>E,3,D>A>S>E,3,D>A>S>E,0,0,3309171630,-2,2,-1,0,-2,2,-1,0,-2,2,-1,0,A
train_0244,train_0244,p_at_oa_vs_q_at_oa,oA,P,Q,stage43,train,T-00800,B3-0296,B,Low,High,Medium,Medium,High,Low,High,Medium,0,E>S>D>A,0,E>S>D>A,0,E>S>D>A,1,S>E>A>D,0,0,1338786391,-2,2,-1,0,2,-2,1,0,-2,2,-1,0,A
train_0245,train_0245,p_at_oa_vs_q_at_oa,oA,P,Q,stage43,train,T-00803,B3-0298,A,Low,Medium,Medium,High,Medium,High,Low,Low,0,E>S>D>A,0,E>S>D>A,0,E>S>D>A,3,D>A>S>E,0,0,759136079,-1,-1,1,2,-1,-1,1,2,-1,-1,1,2,A
train_0246,train_0246,p_at_oa_vs_q_at_oa,oA,P,Q,stage43,train,T-00804,B3-0298,B,Low,Medium,Medium,High,Medium,High,Low,Low,3,D>A>S>E,3,D>A>S>E,3,D>A>S>E,2,A>D>E>S,1,0,1266332145,-1,-1,1,2,1,1,-1,-2,-1,-1,1,2,A
train_0247,train_0247,p_at_oa_vs_q_at_oa,oA,P,Q,stage43,train,T-00805,B3-0299,A,Low,Medium,High,Medium,High,High,Low,Low,1,S>E>A>D,1,S>E>A>D,1,S>E>A>D,2,A>D>E>S,2,0,983495784,-2,-1,2,1,-2,-1,2,1,-2,-1,2,1,A
train_0248,train_0248,p_at_oa_vs_q_at_oa,oA,P,Q,stage43,train,T-00807,B3-0300,A,Low,Medium,Low,High,Low,Medium,High,Medium,3,D>A>S>E,3,D>A>S>E,3,D>A>S>E,1,S>E>A>D,0,0,3709684141,0,0,-2,1,0,0,-2,1,0,0,-2,1,A
train_0249,train_0249,p_at_oa_vs_q_at_oa,oA,P,Q,stage43,train,T-00810,B3-0301,B,Medium,Low,High,High,Medium,High,Low,Low,0,E>S>D>A,0,E>S>D>A,0,E>S>D>A,0,E>S>D>A,1,0,2814679829,0,-2,2,2,0,2,-2,-2,0,-2,2,2,A
train_0250,train_0250,p_at_oa_vs_q_at_oa,oA,P,Q,stage43,train,T-00814,B3-0303,B,Medium,Low,Low,High,High,Low,Low,Low,3,D>A>S>E,3,D>A>S>E,3,D>A>S>E,1,S>E>A>D,2,0,2966582801,-1,0,0,2,1,0,0,-2,-1,0,0,2,A
train_0251,train_0251,p_at_oa_vs_q_at_oa,oA,P,Q,stage43,train,T-00815,B3-0304,A,Medium,Low,High,High,High,Low,Low,High,0,E>S>D>A,0,E>S>D>A,0,E>S>D>A,0,E>S>D>A,0,0,825809026,-1,0,2,0,-1,0,2,0,-1,0,2,0,A
train_0252,train_0252,p_at_oa_vs_q_at_oa,oA,P,Q,stage43,train,T-00816,B3-0304,B,Medium,Low,High,High,High,Low,Low,High,3,D>A>S>E,3,D>A>S>E,3,D>A>S>E,2,A>D>E>S,1,0,2359205113,-1,0,2,0,1,0,-2,0,-1,0,2,0,A
train_0253,train_0253,p_at_oa_vs_q_at_oa,oA,P,Q,stage43,train,T-00818,B3-0305,B,Low,Low,Medium,Medium,High,Low,High,Low,0,E>S>D>A,0,E>S>D>A,0,E>S>D>A,3,D>A>S>E,0,0,2373978108,-2,0,-1,1,2,0,1,-1,-2,0,-1,1,A
train_0254,train_0254,p_at_oa_vs_q_at_oa,oA,P,Q,stage43,train,T-00819,B3-0306,A,Medium,Medium,Medium,Medium,Medium,Medium,High,Low,0,E>S>D>A,0,E>S>D>A,0,E>S>D>A,1,S>E>A>D,0,0,1644190886,0,0,-1,1,0,0,-1,1,0,0,-1,1,A
train_0255,train_0255,p_at_oa_vs_q_at_oa,oA,P,Q,stage43,train,T-00824,B3-0308,B,Medium,Low,Medium,High,Medium,High,Medium,Medium,1,S>E>A>D,1,S>E>A>D,1,S>E>A>D,0,E>S>D>A,2,0,1289576286,0,-2,0,1,0,2,0,-1,0,-2,0,1,A
train_0256,train_0256,p_at_oa_vs_q_at_oa,oA,P,Q,stage43,train,T-00828,B3-0310,B,Medium,High,Medium,High,High,Medium,High,Medium,1,S>E>A>D,1,S>E>A>D,1,S>E>A>D,0,E>S>D>A,0,0,3016166050,-1,1,-1,1,1,-1,1,-1,-1,1,-1,1,A
train_0257,train_0257,p_at_oa_vs_q_at_oa,oA,P,Q,stage43,train,T-00830,B3-0311,B,Low,Low,Medium,Low,High,Low,Low,Medium,3,D>A>S>E,3,D>A>S>E,3,D>A>S>E,0,E>S>D>A,0,0,556340935,-2,0,1,-1,2,0,-1,1,-2,0,1,-1,A
train_0258,train_0258,p_at_oa_vs_q_at_oa,oA,P,Q,stage43,train,T-00831,B3-0312,A,Low,Medium,High,Low,Medium,Low,High,High,1,S>E>A>D,1,S>E>A>D,1,S>E>A>D,0,E>S>D>A,1,0,3708585834,-1,1,0,-2,-1,1,0,-2,-1,1,0,-2,A
train_0259,train_0259,p_at_oa_vs_q_at_oa,oA,P,Q,stage43,train,T-00837,B3-0315,A,Low,Low,Medium,Medium,High,Medium,Low,Medium,3,D>A>S>E,3,D>A>S>E,3,D>A>S>E,1,S>E>A>D,0,0,3598365031,-2,-1,1,0,-2,-1,1,0,-2,-1,1,0,A
train_0260,train_0260,p_at_oa_vs_q_at_oa,oA,P,Q,stage43,train,T-00840,B3-0316,B,Low,Medium,High,High,Low,High,Medium,High,2,A>D>E>S,2,A>D>E>S,2,A>D>E>S,1,S>E>A>D,1,0,1758363837,0,-1,1,0,0,1,-1,0,0,-1,1,0,A
train_0261,train_0261,p_at_oa_vs_q_at_oa,oA,P,Q,stage43,train,T-00841,B3-0317,A,Medium,Low,Medium,High,High,Low,Medium,Low,0,E>S>D>A,0,E>S>D>A,0,E>S>D>A,0,E>S>D>A,0,0,1807432305,-1,0,0,2,-1,0,0,2,-1,0,0,2,A
train_0262,train_0262,p_at_oa_vs_q_at_oa,oA,P,Q,stage43,train,T-00847,B3-0320,A,Medium,Medium,Low,Medium,Medium,Medium,High,Low,3,D>A>S>E,3,D>A>S>E,3,D>A>S>E,3,D>A>S>E,2,0,3876204324,0,0,-2,1,0,0,-2,1,0,0,-2,1,A
train_0263,train_0263,p_at_oa_vs_q_at_oa,oA,P,Q,stage43,train,T-00848,B3-0320,B,Medium,Medium,Low,Medium,Medium,Medium,High,Low,1,S>E>A>D,1,S>E>A>D,1,S>E>A>D,2,A>D>E>S,0,0,3086736293,0,0,-2,1,0,0,2,-1,0,0,-2,1,A
train_0264,train_0264,p_at_oa_vs_q_at_oa,oA,P,Q,stage43,train,T-00849,B3-0321,A,Low,Low,Medium,High,High,Low,Medium,Medium,2,A>D>E>S,2,A>D>E>S,2,A>D>E>S,3,D>A>S>E,1,0,4085774903,-2,0,0,1,-2,0,0,1,-2,0,0,1,A
train_0265,train_0265,p_at_oa_vs_q_at_oa,oA,P,Q,stage43,train,T-00850,B3-0321,B,Low,Low,Medium,High,High,Low,Medium,Medium,3,D>A>S>E,3,D>A>S>E,3,D>A>S>E,2,A>D>E>S,2,0,1309990588,-2,0,0,1,2,0,0,-1,-2,0,0,1,A
train_0266,train_0266,p_at_oa_vs_q_at_oa,oA,P,Q,stage43,train,T-00853,B3-0323,A,Low,High,High,Low,Medium,Low,Medium,Medium,1,S>E>A>D,1,S>E>A>D,1,S>E>A>D,3,D>A>S>E,0,0,2177016292,-1,2,1,-1,-1,2,1,-1,-1,2,1,-1,A
train_0267,train_0267,p_at_oa_vs_q_at_oa,oA,P,Q,stage43,train,T-00854,B3-0323,B,Low,High,High,Low,Medium,Low,Medium,Medium,1,S>E>A>D,1,S>E>A>D,1,S>E>A>D,1,S>E>A>D,1,0,1494642804,-1,2,1,-1,1,-2,-1,1,-1,2,1,-1,A
train_0268,train_0268,p_at_oa_vs_q_at_oa,oA,P,Q,stage43,train,T-00857,B3-0325,A,Medium,Medium,Medium,High,High,Medium,High,Medium,1,S>E>A>D,1,S>E>A>D,1,S>E>A>D,0,E>S>D>A,2,0,3955549015,-1,0,-1,1,-1,0,-1,1,-1,0,-1,1,A
train_0269,train_0269,p_at_oa_vs_q_at_oa,oA,P,Q,stage43,train,T-00859,B3-0326,A,Medium,Low,High,Low,High,Low,Medium,Medium,0,E>S>D>A,0,E>S>D>A,0,E>S>D>A,3,D>A>S>E,0,0,2990970455,-1,0,1,-1,-1,0,1,-1,-1,0,1,-1,A
train_0270,train_0270,p_at_oa_vs_q_at_oa,oA,P,Q,stage43,train,T-00860,B3-0326,B,Medium,Low,High,Low,High,Low,Medium,Medium,1,S>E>A>D,1,S>E>A>D,1,S>E>A>D,2,A>D>E>S,1,0,3593013042,-1,0,1,-1,1,0,-1,1,-1,0,1,-1,A
train_0271,train_0271,p_at_oa_vs_q_at_oa,oA,P,Q,stage43,train,T-00863,B3-0328,A,Low,Medium,High,Low,Medium,Low,Low,High,0,E>S>D>A,0,E>S>D>A,0,E>S>D>A,2,A>D>E>S,1,0,3518952573,-1,1,2,-2,-1,1,2,-2,-1,1,2,-2,A
train_0272,train_0272,p_at_oa_vs_q_at_oa,oA,P,Q,stage43,train,T-00865,B3-0329,A,Low,Low,Low,High,High,Medium,Medium,Low,1,S>E>A>D,1,S>E>A>D,1,S>E>A>D,0,E>S>D>A,2,0,1133373449,-2,-1,-1,2,-2,-1,-1,2,-2,-1,-1,2,A
train_0273,train_0273,p_at_oa_vs_q_at_oa,oA,P,Q,stage43,train,T-00869,B3-0331,A,Medium,Low,Medium,Medium,High,Low,Medium,Low,2,A>D>E>S,2,A>D>E>S,2,A>D>E>S,0,E>S>D>A,0,0,2969924658,-1,0,0,1,-1,0,0,1,-1,0,0,1,A
train_0274,train_0274,p_at_oa_vs_q_at_oa,oA,P,Q,stage43,train,T-00870,B3-0331,B,Medium,Low,Medium,Medium,High,Low,Medium,Low,0,E>S>D>A,0,E>S>D>A,0,E>S>D>A,2,A>D>E>S,2,0,2147182915,-1,0,0,1,1,0,0,-1,-1,0,0,1,A
train_0275,train_0275,p_at_oa_vs_q_at_oa,oA,P,Q,stage43,train,T-00879,B3-0336,A,Low,Medium,High,Medium,Low,High,Low,High,1,S>E>A>D,1,S>E>A>D,1,S>E>A>D,1,S>E>A>D,1,0,2640396354,0,-1,2,-1,0,-1,2,-1,0,-1,2,-1,A
train_0276,train_0276,p_at_oa_vs_q_at_oa,oA,P,Q,stage43,train,T-00880,B3-0336,B,Low,Medium,High,Medium,Low,High,Low,High,0,E>S>D>A,0,E>S>D>A,0,E>S>D>A,2,A>D>E>S,0,0,674356566,0,-1,2,-1,0,1,-2,1,0,-1,2,-1,A
train_0277,train_0277,p_at_oa_vs_q_at_oa,oA,P,Q,stage43,train,T-00883,B3-0338,A,Low,Medium,High,High,High,Medium,Low,Medium,0,E>S>D>A,0,E>S>D>A,0,E>S>D>A,3,D>A>S>E,0,0,1749410496,-2,0,2,1,-2,0,2,1,-2,0,2,1,A
train_0278,train_0278,p_at_oa_vs_q_at_oa,oA,P,Q,stage43,train,T-00885,B3-0339,A,Medium,High,Medium,Low,High,Medium,Medium,High,0,E>S>D>A,0,E>S>D>A,0,E>S>D>A,1,S>E>A>D,1,0,3588051944,-1,1,0,-2,-1,1,0,-2,-1,1,0,-2,A
train_0279,train_0279,p_at_oa_vs_q_at_oa,oA,P,Q,stage43,train,T-00886,B3-0339,B,Medium,High,Medium,Low,High,Medium,Medium,High,3,D>A>S>E,3,D>A>S>E,3,D>A>S>E,3,D>A>S>E,2,0,2718517499,-1,1,0,-2,1,-1,0,2,-1,1,0,-2,A
train_0280,train_0280,p_at_oa_vs_q_at_oa,oA,P,Q,stage43,train,T-00888,B3-0340,B,Low,Low,Medium,Medium,Medium,Medium,High,Low,2,A>D>E>S,2,A>D>E>S,2,A>D>E>S,2,A>D>E>S,2,0,688313295,-1,-1,-1,1,1,1,1,-1,-1,-1,-1,1,A
train_0281,train_0281,p_at_oa_vs_q_at_oa,oA,P,Q,stage43,train,T-00889,B3-0341,A,Low,High,Medium,High,Medium,Low,Low,High,2,A>D>E>S,2,A>D>E>S,2,A>D>E>S,1,S>E>A>D,1,0,3229458514,-1,2,1,0,-1,2,1,0,-1,2,1,0,A
train_0282,train_0282,p_at_oa_vs_q_at_oa,oA,P,Q,stage43,train,T-00892,B3-0342,B,Low,High,High,Low,High,Low,Low,High,1,S>E>A>D,1,S>E>A>D,1,S>E>A>D,1,S>E>A>D,2,0,1074372042,-2,2,2,-2,2,-2,-2,2,-2,2,2,-2,A
train_0283,train_0283,p_at_oa_vs_q_at_oa,oA,P,Q,stage43,train,T-00898,B3-0345,B,Medium,High,High,Low,High,Medium,High,High,0,E>S>D>A,0,E>S>D>A,0,E>S>D>A,1,S>E>A>D,0,0,3657991320,-1,1,0,-2,1,-1,0,2,-1,1,0,-2,A
train_0284,train_0284,p_at_oa_vs_q_at_oa,oA,P,Q,stage43,train,T-00899,B3-0346,A,Medium,Medium,Medium,High,Medium,High,Low,Low,1,S>E>A>D,1,S>E>A>D,1,S>E>A>D,3,D>A>S>E,1,0,44152952,0,-1,1,2,0,-1,1,2,0,-1,1,2,A
train_0285,train_0285,p_at_oa_vs_q_at_oa,oA,P,Q,stage43,train,T-00905,B3-0349,A,Low,Medium,High,High,High,Medium,High,Low,3,D>A>S>E,3,D>A>S>E,3,D>A>S>E,2,A>D>E>S,0,0,3343284427,-2,0,0,2,-2,0,0,2,-2,0,0,2,A
train_0286,train_0286,p_at_oa_vs_q_at_oa,oA,P,Q,stage43,train,T-00909,B3-0351,A,Low,Medium,Low,Medium,Medium,Low,Low,High,1,S>E>A>D,1,S>E>A>D,1,S>E>A>D,1,S>E>A>D,2,0,2139120063,-1,1,0,-1,-1,1,0,-1,-1,1,0,-1,A
train_0287,train_0287,p_at_oa_vs_q_at_oa,oA,P,Q,stage43,train,T-00910,B3-0351,B,Low,Medium,Low,Medium,Medium,Low,Low,High,2,A>D>E>S,2,A>D>E>S,2,A>D>E>S,0,E>S>D>A,0,0,1146304111,-1,1,0,-1,1,-1,0,1,-1,1,0,-1,A
train_0288,train_0288,p_at_oa_vs_q_at_oa,oA,P,Q,stage43,train,T-00912,B3-0352,B,Medium,Low,Medium,Low,Medium,Medium,Low,Low,3,D>A>S>E,3,D>A>S>E,3,D>A>S>E,3,D>A>S>E,0,0,2932469205,0,-1,1,0,0,1,-1,0,0,-1,1,0,A
train_0289,train_0289,p_at_oa_vs_q_at_oa,oA,P,Q,stage43,train,T-00913,B3-0353,A,Low,High,Medium,Low,High,High,Low,Medium,3,D>A>S>E,3,D>A>S>E,3,D>A>S>E,2,A>D>E>S,2,0,894784435,-2,0,1,-1,-2,0,1,-1,-2,0,1,-1,A
train_0290,train_0290,p_at_oa_vs_q_at_oa,oA,P,Q,stage43,train,T-00917,B3-0355,A,Medium,Low,Low,High,Medium,High,High,Low,1,S>E>A>D,1,S>E>A>D,1,S>E>A>D,0,E>S>D>A,2,0,3433815262,0,-2,-2,2,0,-2,-2,2,0,-2,-2,2,A
train_0291,train_0291,p_at_oa_vs_q_at_oa,oA,P,Q,stage43,train,T-00922,B3-0357,B,Low,Medium,High,Medium,Medium,Low,Medium,Low,0,E>S>D>A,0,E>S>D>A,0,E>S>D>A,3,D>A>S>E,1,0,3659559507,-1,1,1,1,1,-1,-1,-1,-1,1,1,1,A
train_0292,train_0292,p_at_oa_vs_q_at_oa,oA,P,Q,stage43,train,T-00924,B3-0358,B,Low,Low,High,Medium,Medium,Medium,Medium,Medium,1,S>E>A>D,1,S>E>A>D,1,S>E>A>D,1,S>E>A>D,0,0,2175341230,-1,-1,1,0,1,1,-1,0,-1,-1,1,0,A
train_0293,train_0293,p_at_oa_vs_q_at_oa,oA,P,Q,stage43,train,T-00925,B3-0359,A,Low,High,Low,Low,Medium,Low,Medium,Medium,1,S>E>A>D,1,S>E>A>D,1,S>E>A>D,0,E>S>D>A,0,0,1783434069,-1,2,-1,-1,-1,2,-1,-1,-1,2,-1,-1,A
train_0294,train_0294,p_at_oa_vs_q_at_oa,oA,P,Q,stage43,train,T-00926,B3-0359,B,Low,High,Low,Low,Medium,Low,Medium,Medium,3,D>A>S>E,3,D>A>S>E,3,D>A>S>E,3,D>A>S>E,2,0,3843342973,-1,2,-1,-1,1,-2,1,1,-1,2,-1,-1,A
train_0295,train_0295,p_at_oa_vs_q_at_oa,oA,P,Q,stage43,train,T-00931,B3-0362,A,Low,Low,High,High,Low,High,Medium,Medium,3,D>A>S>E,3,D>A>S>E,3,D>A>S>E,1,S>E>A>D,2,0,1093867744,0,-2,1,1,0,-2,1,1,0,-2,1,1,A
train_0296,train_0296,p_at_oa_vs_q_at_oa,oA,P,Q,stage43,train,T-00932,B3-0362,B,Low,Low,High,High,Low,High,Medium,Medium,1,S>E>A>D,1,S>E>A>D,1,S>E>A>D,2,A>D>E>S,1,0,2793304149,0,-2,1,1,0,2,-1,-1,0,-2,1,1,A
train_0297,train_0297,p_at_oa_vs_q_at_oa,oA,P,Q,stage43,train,T-00934,B3-0363,B,Low,Medium,Medium,High,Medium,High,Low,High,3,D>A>S>E,3,D>A>S>E,3,D>A>S>E,3,D>A>S>E,2,0,1534131205,-1,-1,1,0,1,1,-1,0,-1,-1,1,0,A
train_0298,train_0298,p_at_oa_vs_q_at_oa,oA,P,Q,stage43,train,T-00935,B3-0364,A,Medium,Low,Medium,High,High,Low,Low,High,0,E>S>D>A,0,E>S>D>A,0,E>S>D>A,2,A>D>E>S,1,0,1881037680,-1,0,1,0,-1,0,1,0,-1,0,1,0,A
train_0299,train_0299,p_at_oa_vs_q_at_oa,oA,P,Q,stage43,train,T-00936,B3-0364,B,Medium,Low,Medium,High,High,Low,Low,High,0,E>S>D>A,0,E>S>D>A,0,E>S>D>A,2,A>D>E>S,2,0,928177304,-1,0,1,0,1,0,-1,0,-1,0,1,0,A
train_0300,train_0300,p_at_oa_vs_q_at_oa,oA,P,Q,stage43,train,T-00937,B3-0365,A,Medium,Medium,High,Low,High,Low,Medium,High,3,D>A>S>E,3,D>A>S>E,3,D>A>S>E,0,E>S>D>A,0,0,2053762397,-1,1,1,-2,-1,1,1,-2,-1,1,1,-2,A
train_0301,train_0301,p_at_oa_vs_q_at_oa,oA,P,Q,stage43,train,T-00938,B3-0365,B,Medium,Medium,High,Low,High,Low,Medium,High,3,D>A>S>E,3,D>A>S>E,3,D>A>S>E,3,D>A>S>E,0,0,3233767152,-1,1,1,-2,1,-1,-1,2,-1,1,1,-2,A
train_0302,train_0302,p_at_oa_vs_q_at_oa,oA,P,Q,stage43,train,T-00940,B3-0366,B,Medium,Medium,Medium,Medium,High,Medium,Medium,Low,0,E>S>D>A,0,E>S>D>A,0,E>S>D>A,0,E>S>D>A,2,0,3189489462,-1,0,0,1,1,0,0,-1,-1,0,0,1,A
train_0303,train_0303,p_at_oa_vs_q_at_oa,oA,P,Q,stage43,train,T-00941,B3-0367,A,Low,High,Low,High,High,Low,High,High,2,A>D>E>S,2,A>D>E>S,2,A>D>E>S,2,A>D>E>S,2,0,264741765,-2,2,-2,0,-2,2,-2,0,-2,2,-2,0,A
train_0304,train_0304,p_at_oa_vs_q_at_oa,oA,P,Q,stage43,train,T-00942,B3-0367,B,Low,High,Low,High,High,Low,High,High,2,A>D>E>S,2,A>D>E>S,2,A>D>E>S,1,S>E>A>D,0,0,3556075946,-2,2,-2,0,2,-2,2,0,-2,2,-2,0,A
train_0305,train_0305,p_at_oa_vs_q_at_oa,oA,P,Q,stage43,train,T-00943,B3-0368,A,Low,High,High,Low,High,Medium,High,Medium,3,D>A>S>E,3,D>A>S>E,3,D>A>S>E,0,E>S>D>A,1,0,4096161157,-2,1,0,-1,-2,1,0,-1,-2,1,0,-1,A
train_0306,train_0306,p_at_oa_vs_q_at_oa,oA,P,Q,stage43,train,T-00944,B3-0368,B,Low,High,High,Low,High,Medium,High,Medium,2,A>D>E>S,2,A>D>E>S,2,A>D>E>S,0,E>S>D>A,2,0,2915332774,-2,1,0,-1,2,-1,0,1,-2,1,0,-1,A
train_0307,train_0307,p_at_oa_vs_q_at_oa,oA,P,Q,stage43,train,T-00947,B3-0370,A,Low,Medium,High,Medium,High,High,High,Low,0,E>S>D>A,0,E>S>D>A,0,E>S>D>A,2,A>D>E>S,0,0,2366366978,-2,-1,0,1,-2,-1,0,1,-2,-1,0,1,A
train_0308,train_0308,p_at_oa_vs_q_at_oa,oA,P,Q,stage43,train,T-00948,B3-0370,B,Low,Medium,High,Medium,High,High,High,Low,3,D>A>S>E,3,D>A>S>E,3,D>A>S>E,0,E>S>D>A,2,0,846913543,-2,-1,0,1,2,1,0,-1,-2,-1,0,1,A
train_0309,train_0309,p_at_oa_vs_q_at_oa,oA,P,Q,stage43,train,T-00949,B3-0371,A,Low,High,Low,Low,High,Low,Low,Low,2,A>D>E>S,2,A>D>E>S,2,A>D>E>S,0,E>S>D>A,2,0,3833767428,-2,2,0,0,-2,2,0,0,-2,2,0,0,A
train_0310,train_0310,p_at_oa_vs_q_at_oa,oA,P,Q,stage43,train,T-00953,B3-0373,A,High,Medium,Medium,Medium,High,High,Low,High,0,E>S>D>A,0,E>S>D>A,0,E>S>D>A,3,D>A>S>E,2,0,247290129,0,-1,1,-1,0,-1,1,-1,0,-1,1,-1,A
train_0311,train_0311,p_at_oa_vs_q_at_oa,oA,P,Q,stage43,train,T-00955,B3-0374,A,Medium,High,Low,Low,High,Low,High,Low,2,A>D>E>S,2,A>D>E>S,2,A>D>E>S,3,D>A>S>E,0,0,1236938519,-1,2,-2,0,-1,2,-2,0,-1,2,-2,0,A
train_0312,train_0312,p_at_oa_vs_q_at_oa,oA,P,Q,stage43,train,T-00965,B3-0379,A,Low,High,Low,High,High,Medium,Medium,High,1,S>E>A>D,1,S>E>A>D,1,S>E>A>D,1,S>E>A>D,0,0,2349746824,-2,1,-1,0,-2,1,-1,0,-2,1,-1,0,A
train_0313,train_0313,p_at_oa_vs_q_at_oa,oA,P,Q,stage43,train,T-00966,B3-0379,B,Low,High,Low,High,High,Medium,Medium,High,1,S>E>A>D,1,S>E>A>D,1,S>E>A>D,3,D>A>S>E,0,0,2763166035,-2,1,-1,0,2,-1,1,0,-2,1,-1,0,A
train_0314,train_0314,p_at_oa_vs_q_at_oa,oA,P,Q,stage43,train,T-00968,B3-0380,B,Medium,Low,Low,High,High,High,Low,Medium,3,D>A>S>E,3,D>A>S>E,3,D>A>S>E,2,A>D>E>S,2,0,3847802764,-1,-2,0,1,1,2,0,-1,-1,-2,0,1,A
train_0315,train_0315,p_at_oa_vs_q_at_oa,oA,P,Q,stage43,train,T-00971,B3-0382,A,Low,Low,High,High,High,Low,Medium,Low,2,A>D>E>S,2,A>D>E>S,2,A>D>E>S,2,A>D>E>S,1,0,3249658331,-2,0,1,2,-2,0,1,2,-2,0,1,2,A
train_0316,train_0316,p_at_oa_vs_q_at_oa,oA,P,Q,stage43,train,T-00972,B3-0382,B,Low,Low,High,High,High,Low,Medium,Low,0,E>S>D>A,0,E>S>D>A,0,E>S>D>A,2,A>D>E>S,0,0,335909101,-2,0,1,2,2,0,-1,-2,-2,0,1,2,A
train_0317,train_0317,p_at_oa_vs_q_at_oa,oA,P,Q,stage43,train,T-00973,B3-0383,A,Low,High,High,Medium,High,Low,Low,Medium,2,A>D>E>S,2,A>D>E>S,2,A>D>E>S,2,A>D>E>S,1,0,1287802284,-2,2,2,0,-2,2,2,0,-2,2,2,0,A
train_0318,train_0318,p_at_oa_vs_q_at_oa,oA,P,Q,stage43,train,T-00976,B3-0384,B,Low,High,Low,Medium,Medium,Low,High,High,1,S>E>A>D,1,S>E>A>D,1,S>E>A>D,0,E>S>D>A,2,0,1466015571,-1,2,-2,-1,1,-2,2,1,-1,2,-2,-1,A
train_0319,train_0319,p_at_oa_vs_q_at_oa,oA,P,Q,stage43,train,T-00977,B3-0385,A,Medium,Low,High,High,Medium,High,Medium,High,3,D>A>S>E,3,D>A>S>E,3,D>A>S>E,2,A>D>E>S,2,0,431841124,0,-2,1,0,0,-2,1,0,0,-2,1,0,A
train_0320,train_0320,p_at_oa_vs_q_at_oa,oA,P,Q,stage43,train,T-00978,B3-0385,B,Medium,Low,High,High,Medium,High,Medium,High,3,D>A>S>E,3,D>A>S>E,3,D>A>S>E,3,D>A>S>E,2,0,730056286,0,-2,1,0,0,2,-1,0,0,-2,1,0,A
train_0321,train_0321,p_at_oa_vs_q_at_oa,oA,P,Q,stage43,train,T-00983,B3-0388,A,Low,High,Medium,Medium,Medium,Low,High,Medium,0,E>S>D>A,0,E>S>D>A,0,E>S>D>A,3,D>A>S>E,1,0,3000885298,-1,2,-1,0,-1,2,-1,0,-1,2,-1,0,A
train_0322,train_0322,p_at_oa_vs_q_at_oa,oA,P,Q,stage43,train,T-00984,B3-0388,B,Low,High,Medium,Medium,Medium,Low,High,Medium,0,E>S>D>A,0,E>S>D>A,0,E>S>D>A,1,S>E>A>D,1,0,1230915020,-1,2,-1,0,1,-2,1,0,-1,2,-1,0,A
train_0323,train_0323,p_at_oa_vs_q_at_oa,oA,P,Q,stage43,train,T-00985,B3-0389,A,Low,High,Medium,Low,Medium,Medium,Medium,Medium,3,D>A>S>E,3,D>A>S>E,3,D>A>S>E,3,D>A>S>E,0,0,2435804832,-1,1,0,-1,-1,1,0,-1,-1,1,0,-1,A
train_0324,train_0324,p_at_oa_vs_q_at_oa,oA,P,Q,stage43,train,T-00986,B3-0389,B,Low,High,Medium,Low,Medium,Medium,Medium,Medium,2,A>D>E>S,2,A>D>E>S,2,A>D>E>S,2,A>D>E>S,0,0,3208517862,-1,1,0,-1,1,-1,0,1,-1,1,0,-1,A
train_0325,train_0325,p_at_oa_vs_q_at_oa,oA,P,Q,stage43,train,T-00988,B3-0390,B,Low,Medium,High,Low,Medium,High,Low,Medium,3,D>A>S>E,3,D>A>S>E,3,D>A>S>E,2,A>D>E>S,1,0,2266882927,-1,-1,2,-1,1,1,-2,1,-1,-1,2,-1,A
train_0326,train_0326,p_at_oa_vs_q_at_oa,oA,P,Q,stage43,train,T-00990,B3-0391,B,Low,Medium,Medium,Medium,High,Medium,High,Low,1,S>E>A>D,1,S>E>A>D,1,S>E>A>D,3,D>A>S>E,2,0,1574646291,-2,0,-1,1,2,0,1,-1,-2,0,-1,1,A
train_0327,train_0327,p_at_oa_vs_q_at_oa,oA,P,Q,stage43,train,T-00994,B3-0393,B,Medium,Medium,High,High,High,High,Medium,Low,1,S>E>A>D,1,S>E>A>D,1,S>E>A>D,0,E>S>D>A,2,0,430288342,-1,-1,1,2,1,1,-1,-2,-1,-1,1,2,A
train_0328,train_0328,p_at_oa_vs_q_at_oa,oA,P,Q,stage43,train,T-00995,B3-0394,A,Medium,Medium,Medium,Medium,High,Low,Low,High,3,D>A>S>E,3,D>A>S>E,3,D>A>S>E,0,E>S>D>A,2,0,2609103358,-1,1,1,-1,-1,1,1,-1,-1,1,1,-1,A
train_0329,train_0329,p_at_oa_vs_q_at_oa,oA,P,Q,stage43,train,T-00997,B3-0395,A,Low,Medium,High,Medium,Medium,Medium,Low,Low,2,A>D>E>S,2,A>D>E>S,2,A>D>E>S,2,A>D>E>S,0,0,468617719,-1,0,2,1,-1,0,2,1,-1,0,2,1,A
train_0330,train_0330,p_at_oa_vs_q_at_oa,oA,P,Q,stage43,train,T-00998,B3-0395,B,Low,Medium,High,Medium,Medium,Medium,Low,Low,3,D>A>S>E,3,D>A>S>E,3,D>A>S>E,2,A>D>E>S,2,0,1829428869,-1,0,2,1,1,0,-2,-1,-1,0,2,1,A
train_0331,train_0331,p_at_oa_vs_q_at_oa,oA,P,Q,stage43,train,T-00999,B3-0396,A,Low,Low,High,High,High,High,Medium,Low,1,S>E>A>D,1,S>E>A>D,1,S>E>A>D,3,D>A>S>E,0,0,981048647,-2,-2,1,2,-2,-2,1,2,-2,-2,1,2,A
train_0332,train_0332,p_at_oa_vs_q_at_oa,oA,P,Q,stage43,train,T-01000,B3-0396,B,Low,Low,High,High,High,High,Medium,Low,3,D>A>S>E,3,D>A>S>E,3,D>A>S>E,2,A>D>E>S,2,0,1805358397,-2,-2,1,2,2,2,-1,-2,-2,-2,1,2,A
train_0333,train_0333,p_at_oa_vs_q_at_oa,oA,P,Q,stage43,train,T-01004,B3-0398,B,Low,Medium,High,Medium,High,High,Low,Medium,0,E>S>D>A,0,E>S>D>A,0,E>S>D>A,0,E>S>D>A,2,0,354653764,-2,-1,2,0,2,1,-2,0,-2,-1,2,0,A
train_0334,train_0334,p_at_oa_vs_q_at_oa,oA,P,Q,stage43,train,T-01013,B3-0403,A,Medium,Low,High,Medium,Medium,Medium,Medium,High,2,A>D>E>S,2,A>D>E>S,2,A>D>E>S,1,S>E>A>D,0,0,432327651,0,-1,1,-1,0,-1,1,-1,0,-1,1,-1,A
train_0335,train_0335,p_at_oa_vs_q_at_oa,oA,P,Q,stage43,train,T-01021,B3-0407,A,Medium,Low,High,High,High,Medium,High,Medium,2,A>D>E>S,2,A>D>E>S,2,A>D>E>S,1,S>E>A>D,2,0,1679017131,-1,-1,0,1,-1,-1,0,1,-1,-1,0,1,A
train_0336,train_0336,p_at_oa_vs_q_at_oa,oA,P,Q,stage43,train,T-01022,B3-0407,B,Medium,Low,High,High,High,Medium,High,Medium,0,E>S>D>A,0,E>S>D>A,0,E>S>D>A,2,A>D>E>S,1,0,3914835153,-1,-1,0,1,1,1,0,-1,-1,-1,0,1,A
train_0337,train_0337,p_at_oa_vs_q_at_oa,oA,P,Q,stage43,train,T-01031,B3-0412,A,Low,High,Medium,High,Medium,High,High,Medium,2,A>D>E>S,2,A>D>E>S,2,A>D>E>S,3,D>A>S>E,0,0,4016703996,-1,0,-1,1,-1,0,-1,1,-1,0,-1,1,A
train_0338,train_0338,p_at_oa_vs_q_at_oa,oA,P,Q,stage43,train,T-01032,B3-0412,B,Low,High,Medium,High,Medium,High,High,Medium,3,D>A>S>E,3,D>A>S>E,3,D>A>S>E,1,S>E>A>D,0,0,3017408171,-1,0,-1,1,1,0,1,-1,-1,0,-1,1,A
train_0339,train_0339,p_at_oa_vs_q_at_oa,oA,P,Q,stage43,train,T-01035,B3-0414,A,Low,High,Medium,Medium,High,Medium,Medium,Medium,2,A>D>E>S,2,A>D>E>S,2,A>D>E>S,0,E>S>D>A,1,0,4146206106,-2,1,0,0,-2,1,0,0,-2,1,0,0,A
train_0340,train_0340,p_at_oa_vs_q_at_oa,oA,P,Q,stage43,train,T-01036,B3-0414,B,Low,High,Medium,Medium,High,Medium,Medium,Medium,2,A>D>E>S,2,A>D>E>S,2,A>D>E>S,2,A>D>E>S,1,0,2553568742,-2,1,0,0,2,-1,0,0,-2,1,0,0,A
train_0341,train_0341,p_at_oa_vs_q_at_oa,oA,P,Q,stage43,train,T-01039,B3-0416,A,Low,High,Medium,Low,High,Low,Medium,High,2,A>D>E>S,2,A>D>E>S,2,A>D>E>S,3,D>A>S>E,2,0,1166647084,-2,2,0,-2,-2,2,0,-2,-2,2,0,-2,A
train_0342,train_0342,p_at_oa_vs_q_at_oa,oA,P,Q,stage43,train,T-01040,B3-0416,B,Low,High,Medium,Low,High,Low,Medium,High,0,E>S>D>A,0,E>S>D>A,0,E>S>D>A,2,A>D>E>S,2,0,3946429860,-2,2,0,-2,2,-2,0,2,-2,2,0,-2,A
train_0343,train_0343,p_at_oa_vs_q_at_oa,oA,P,Q,stage43,train,T-01041,B3-0417,A,Low,Medium,High,Medium,Low,High,Medium,High,3,D>A>S>E,3,D>A>S>E,3,D>A>S>E,3,D>A>S>E,0,0,4032914546,0,-1,1,-1,0,-1,1,-1,0,-1,1,-1,A
train_0344,train_0344,p_at_oa_vs_q_at_oa,oA,P,Q,stage43,train,T-01043,B3-0418,A,Low,Medium,High,High,High,High,Medium,Medium,3,D>A>S>E,3,D>A>S>E,3,D>A>S>E,2,A>D>E>S,2,0,4177153779,-2,-1,1,1,-2,-1,1,1,-2,-1,1,1,A
train_0345,train_0345,p_at_oa_vs_q_at_oa,oA,P,Q,stage43,train,T-01049,B3-0421,A,Medium,Medium,Medium,Low,High,Medium,Low,Medium,1,S>E>A>D,1,S>E>A>D,1,S>E>A>D,0,E>S>D>A,2,0,2379964216,-1,0,1,-1,-1,0,1,-1,-1,0,1,-1,A
train_0346,train_0346,p_at_oa_vs_q_at_oa,oA,P,Q,stage43,train,T-01050,B3-0421,B,Medium,Medium,Medium,Low,High,Medium,Low,Medium,2,A>D>E>S,2,A>D>E>S,2,A>D>E>S,0,E>S>D>A,2,0,2993844062,-1,0,1,-1,1,0,-1,1,-1,0,1,-1,A
train_0347,train_0347,p_at_oa_vs_q_at_oa,oA,P,Q,stage43,train,T-01052,B3-0422,B,Low,High,Low,High,High,Low,Low,Low,2,A>D>E>S,2,A>D>E>S,2,A>D>E>S,3,D>A>S>E,0,0,1471902275,-2,2,0,2,2,-2,0,-2,-2,2,0,2,A
train_0348,train_0348,p_at_oa_vs_q_at_oa,oA,P,Q,stage43,train,T-01054,B3-0423,B,Low,Medium,High,High,Medium,Medium,High,Medium,1,S>E>A>D,1,S>E>A>D,1,S>E>A>D,0,E>S>D>A,0,0,54097640,-1,0,0,1,1,0,0,-1,-1,0,0,1,A
train_0349,train_0349,p_at_oa_vs_q_at_oa,oA,P,Q,stage43,train,T-01057,B3-0425,A,Low,Low,High,Medium,Medium,Low,High,Low,1,S>E>A>D,1,S>E>A>D,1,S>E>A>D,3,D>A>S>E,0,0,707997611,-1,0,0,1,-1,0,0,1,-1,0,0,1,A
train_0350,train_0350,p_at_oa_vs_q_at_oa,oA,P,Q,stage43,train,T-01058,B3-0425,B,Low,Low,High,Medium,Medium,Low,High,Low,3,D>A>S>E,3,D>A>S>E,3,D>A>S>E,3,D>A>S>E,1,0,3582603372,-1,0,0,1,1,0,0,-1,-1,0,0,1,A
train_0351,train_0351,p_at_oa_vs_q_at_oa,oA,P,Q,stage43,train,T-01062,B3-0427,B,Medium,High,Medium,Low,High,Medium,Medium,Low,2,A>D>E>S,2,A>D>E>S,2,A>D>E>S,3,D>A>S>E,2,0,1325604740,-1,1,0,0,1,-1,0,0,-1,1,0,0,A
train_0352,train_0352,p_at_oa_vs_q_at_oa,oA,P,Q,stage43,train,T-01065,B3-0429,A,Low,High,High,Low,Medium,Medium,Medium,Low,3,D>A>S>E,3,D>A>S>E,3,D>A>S>E,1,S>E>A>D,0,0,2441035703,-1,1,1,0,-1,1,1,0,-1,1,1,0,A
train_0353,train_0353,p_at_oa_vs_q_at_oa,oA,P,Q,stage43,train,T-01068,B3-0430,B,Low,High,Medium,Low,High,Low,Low,Low,3,D>A>S>E,3,D>A>S>E,3,D>A>S>E,3,D>A>S>E,2,0,1841365566,-2,2,1,0,2,-2,-1,0,-2,2,1,0,A
train_0354,train_0354,p_at_oa_vs_q_at_oa,oA,P,Q,stage43,train,T-01069,B3-0431,A,Low,Medium,Medium,High,High,Low,Medium,High,1,S>E>A>D,1,S>E>A>D,1,S>E>A>D,3,D>A>S>E,1,0,794478356,-2,1,0,0,-2,1,0,0,-2,1,0,0,A
train_0355,train_0355,p_at_oa_vs_q_at_oa,oA,P,Q,stage43,train,T-01072,B3-0432,B,Medium,High,Medium,High,High,Medium,Medium,Medium,1,S>E>A>D,1,S>E>A>D,1,S>E>A>D,1,S>E>A>D,0,0,2211329589,-1,1,0,1,1,-1,0,-1,-1,1,0,1,A
train_0356,train_0356,p_at_oa_vs_q_at_oa,oA,P,Q,stage43,train,T-01077,B3-0435,A,Low,Medium,Low,High,Medium,Low,High,Low,0,E>S>D>A,0,E>S>D>A,0,E>S>D>A,0,E>S>D>A,1,0,566227023,-1,1,-2,2,-1,1,-2,2,-1,1,-2,2,A
train_0357,train_0357,p_at_oa_vs_q_at_oa,oA,P,Q,stage43,train,T-01078,B3-0435,B,Low,Medium,Low,High,Medium,Low,High,Low,0,E>S>D>A,0,E>S>D>A,0,E>S>D>A,0,E>S>D>A,1,0,2009238895,-1,1,-2,2,1,-1,2,-2,-1,1,-2,2,A
train_0358,train_0358,p_at_oa_vs_q_at_oa,oA,P,Q,stage43,train,T-01084,B3-0438,B,Low,High,High,High,High,Low,High,High,3,D>A>S>E,3,D>A>S>E,3,D>A>S>E,2,A>D>E>S,1,0,3125161614,-2,2,0,0,2,-2,0,0,-2,2,0,0,A
train_0359,train_0359,p_at_oa_vs_q_at_oa,oA,P,Q,stage43,train,T-01087,B3-0440,A,Medium,High,Low,Medium,High,Medium,Medium,Low,2,A>D>E>S,2,A>D>E>S,2,A>D>E>S,1,S>E>A>D,2,0,590845078,-1,1,-1,1,-1,1,-1,1,-1,1,-1,1,A
train_0360,train_0360,p_at_oa_vs_q_at_oa,oA,P,Q,stage43,train,T-01090,B3-0441,B,High,Low,High,High,High,Medium,Medium,Medium,3,D>A>S>E,3,D>A>S>E,3,D>A>S>E,2,A>D>E>S,2,0,4140417307,0,-1,1,1,0,1,-1,-1,0,-1,1,1,A
train_0361,train_0361,p_at_oa_vs_q_at_oa,oA,P,Q,stage43,train,T-01098,B3-0445,B,Low,Low,High,Low,Medium,Low,Medium,Low,3,D>A>S>E,3,D>A>S>E,3,D>A>S>E,2,A>D>E>S,0,0,973164064,-1,0,1,0,1,0,-1,0,-1,0,1,0,A
train_0362,train_0362,p_at_oa_vs_q_at_oa,oA,P,Q,stage43,train,T-01100,B3-0446,B,Low,Low,High,Low,Low,High,Low,High,2,A>D>E>S,2,A>D>E>S,2,A>D>E>S,2,A>D>E>S,0,0,4006195401,0,-2,2,-2,0,2,-2,2,0,-2,2,-2,A
train_0363,train_0363,p_at_oa_vs_q_at_oa,oA,P,Q,stage43,train,T-01104,B3-0448,B,Medium,High,Low,High,High,Medium,High,Medium,1,S>E>A>D,1,S>E>A>D,1,S>E>A>D,2,A>D>E>S,2,0,665477376,-1,1,-2,1,1,-1,2,-1,-1,1,-2,1,A
train_0364,train_0364,p_at_oa_vs_q_at_oa,oA,P,Q,stage43,train,T-01105,B3-0449,A,Medium,Medium,High,High,Medium,High,Medium,High,0,E>S>D>A,0,E>S>D>A,0,E>S>D>A,0,E>S>D>A,1,0,3343775917,0,-1,1,0,0,-1,1,0,0,-1,1,0,A
train_0365,train_0365,p_at_oa_vs_q_at_oa,oA,P,Q,stage43,train,T-01107,B3-0450,A,Low,Low,High,Medium,Low,High,Low,Medium,3,D>A>S>E,3,D>A>S>E,3,D>A>S>E,1,S>E>A>D,1,0,3233759880,0,-2,2,0,0,-2,2,0,0,-2,2,0,A
train_0366,train_0366,p_at_oa_vs_q_at_oa,oA,P,Q,stage43,train,T-01108,B3-0450,B,Low,Low,High,Medium,Low,High,Low,Medium,0,E>S>D>A,0,E>S>D>A,0,E>S>D>A,2,A>D>E>S,0,0,1965576212,0,-2,2,0,0,2,-2,0,0,-2,2,0,A
train_0367,train_0367,p_at_oa_vs_q_at_oa,oA,P,Q,stage43,train,T-01109,B3-0451,A,Medium,Medium,Medium,Low,High,Low,Low,Medium,3,D>A>S>E,3,D>A>S>E,3,D>A>S>E,0,E>S>D>A,2,0,3807440964,-1,1,1,-1,-1,1,1,-1,-1,1,1,-1,A
train_0368,train_0368,p_at_oa_vs_q_at_oa,oA,P,Q,stage43,train,T-01110,B3-0451,B,Medium,Medium,Medium,Low,High,Low,Low,Medium,1,S>E>A>D,1,S>E>A>D,1,S>E>A>D,3,D>A>S>E,0,0,1940221074,-1,1,1,-1,1,-1,-1,1,-1,1,1,-1,A
train_0369,train_0369,p_at_oa_vs_q_at_oa,oA,P,Q,stage43,train,T-01111,B3-0452,A,Low,Low,Medium,Low,High,Medium,Low,Low,3,D>A>S>E,3,D>A>S>E,3,D>A>S>E,1,S>E>A>D,1,0,1965022201,-2,-1,1,0,-2,-1,1,0,-2,-1,1,0,A
train_0370,train_0370,p_at_oa_vs_q_at_oa,oA,P,Q,stage43,train,T-01112,B3-0452,B,Low,Low,Medium,Low,High,Medium,Low,Low,3,D>A>S>E,3,D>A>S>E,3,D>A>S>E,0,E>S>D>A,0,0,1652771562,-2,-1,1,0,2,1,-1,0,-2,-1,1,0,A
train_0371,train_0371,p_at_oa_vs_q_at_oa,oA,P,Q,stage43,train,T-01119,B3-0456,A,Low,High,High,High,Medium,High,Low,Medium,0,E>S>D>A,0,E>S>D>A,0,E>S>D>A,1,S>E>A>D,0,0,368484124,-1,0,2,1,-1,0,2,1,-1,0,2,1,A
train_0372,train_0372,p_at_oa_vs_q_at_oa,oA,P,Q,stage43,train,T-01120,B3-0456,B,Low,High,High,High,Medium,High,Low,Medium,3,D>A>S>E,3,D>A>S>E,3,D>A>S>E,3,D>A>S>E,1,0,886318226,-1,0,2,1,1,0,-2,-1,-1,0,2,1,A
train_0373,train_0373,p_at_oa_vs_q_at_oa,oA,P,Q,stage43,train,T-01121,B3-0457,A,Low,Low,Medium,High,Low,Medium,High,Low,3,D>A>S>E,3,D>A>S>E,3,D>A>S>E,0,E>S>D>A,1,0,1504840721,0,-1,-1,2,0,-1,-1,2,0,-1,-1,2,A
train_0374,train_0374,p_at_oa_vs_q_at_oa,oA,P,Q,stage43,train,T-01122,B3-0457,B,Low,Low,Medium,High,Low,Medium,High,Low,1,S>E>A>D,1,S>E>A>D,1,S>E>A>D,0,E>S>D>A,2,0,284141127,0,-1,-1,2,0,1,1,-2,0,-1,-1,2,A
train_0375,train_0375,p_at_oa_vs_q_at_oa,oA,P,Q,stage43,train,T-01123,B3-0458,A,Medium,Medium,High,Low,Medium,High,Low,Medium,0,E>S>D>A,0,E>S>D>A,0,E>S>D>A,1,S>E>A>D,1,0,3899248416,0,-1,2,-1,0,-1,2,-1,0,-1,2,-1,A
train_0376,train_0376,p_at_oa_vs_q_at_oa,oA,P,Q,stage43,train,T-01125,B3-0459,A,Low,High,High,Medium,High,Low,Low,High,0,E>S>D>A,0,E>S>D>A,0,E>S>D>A,1,S>E>A>D,2,0,2845568413,-2,2,2,-1,-2,2,2,-1,-2,2,2,-1,A
train_0377,train_0377,p_at_oa_vs_q_at_oa,oA,P,Q,stage43,train,T-01126,B3-0459,B,Low,High,High,Medium,High,Low,Low,High,1,S>E>A>D,1,S>E>A>D,1,S>E>A>D,1,S>E>A>D,1,0,2682898341,-2,2,2,-1,2,-2,-2,1,-2,2,2,-1,A
train_0378,train_0378,p_at_oa_vs_q_at_oa,oA,P,Q,stage43,train,T-01127,B3-0460,A,Medium,Low,High,Medium,Medium,Medium,Medium,Low,2,A>D>E>S,2,A>D>E>S,2,A>D>E>S,3,D>A>S>E,0,0,2410489084,0,-1,1,1,0,-1,1,1,0,-1,1,1,A
train_0379,train_0379,p_at_oa_vs_q_at_oa,oA,P,Q,stage43,train,T-01128,B3-0460,B,Medium,Low,High,Medium,Medium,Medium,Medium,Low,0,E>S>D>A,0,E>S>D>A,0,E>S>D>A,2,A>D>E>S,2,0,128609967,0,-1,1,1,0,1,-1,-1,0,-1,1,1,A
train_0380,train_0380,p_at_oa_vs_q_at_oa,oA,P,Q,stage43,train,T-01129,B3-0461,A,High,Low,High,High,High,High,Medium,High,2,A>D>E>S,2,A>D>E>S,2,A>D>E>S,2,A>D>E>S,2,0,4224283491,0,-2,1,0,0,-2,1,0,0,-2,1,0,A
train_0381,train_0381,p_at_oa_vs_q_at_oa,oA,P,Q,stage43,train,T-01134,B3-0463,B,Medium,Medium,Medium,Medium,Medium,High,Low,High,1,S>E>A>D,1,S>E>A>D,1,S>E>A>D,2,A>D>E>S,2,0,954211266,0,-1,1,-1,0,1,-1,1,0,-1,1,-1,A
train_0382,train_0382,p_at_oa_vs_q_at_oa,oA,P,Q,regen,pool,T-00239,B3-0016,A,Medium,Medium,Low,High,High,Low,Medium,Medium,1,S>E>A>D,1,S>E>A>D,1,S>E>A>D,1,S>E>A>D,0,0,817045060,-1,1,-1,1,-1,1,-1,1,-1,1,-1,1,A
train_0383,train_0383,p_at_oa_vs_q_at_oa,oA,P,Q,regen,pool,T-00360,B3-0076,B,Low,Low,Low,High,Medium,Low,High,Medium,1,S>E>A>D,1,S>E>A>D,1,S>E>A>D,1,S>E>A>D,0,0,653124001,-1,0,-2,1,1,0,2,-1,-1,0,-2,1,A
train_0384,train_0384,p_at_oa_vs_q_at_oa,oA,P,Q,regen,pool,T-00404,B3-0098,B,Medium,High,High,High,High,Medium,Medium,Medium,1,S>E>A>D,1,S>E>A>D,1,S>E>A>D,1,S>E>A>D,0,0,3125069025,-1,1,1,1,1,-1,-1,-1,-1,1,1,1,A
train_0385,train_0385,p_at_oa_vs_q_at_oa,oA,P,Q,regen,pool,T-00500,B3-0146,B,Low,Medium,High,High,High,Low,Medium,Low,1,S>E>A>D,1,S>E>A>D,1,S>E>A>D,1,S>E>A>D,0,0,3833821526,-2,1,1,2,2,-1,-1,-2,-2,1,1,2,A
train_0386,train_0386,p_at_oa_vs_q_at_oa,oA,P,Q,regen,pool,T-00538,B3-0165,B,Low,Low,Low,High,Medium,Medium,Low,Low,1,S>E>A>D,1,S>E>A>D,1,S>E>A>D,1,S>E>A>D,0,0,3653589466,-1,-1,0,2,1,1,0,-2,-1,-1,0,2,A
train_0387,train_0387,p_at_oa_vs_q_at_oa,oA,P,Q,regen,pool,T-00462,B3-0127,B,Low,Medium,Low,Low,High,Low,Low,Low,1,S>E>A>D,1,S>E>A>D,1,S>E>A>D,2,A>D>E>S,0,0,730692999,-2,1,0,0,2,-1,0,0,-2,1,0,0,A
train_0388,train_0388,p_at_oa_vs_q_at_oa,oA,P,Q,regen,pool,T-00530,B3-0161,B,Medium,High,Low,Medium,High,Medium,Low,Medium,1,S>E>A>D,1,S>E>A>D,1,S>E>A>D,2,A>D>E>S,0,0,681908110,-1,1,0,0,1,-1,0,0,-1,1,0,0,A
train_0389,train_0389,p_at_oa_vs_q_at_oa,oA,P,Q,regen,pool,T-00647,B3-0220,A,Low,Medium,Medium,Low,Medium,Low,High,Low,1,S>E>A>D,1,S>E>A>D,1,S>E>A>D,2,A>D>E>S,0,0,2788486077,-1,1,-1,0,-1,1,-1,0,-1,1,-1,0,A
train_0390,train_0390,p_at_oa_vs_q_at_oa,oA,P,Q,regen,pool,T-00693,B3-0243,A,Medium,Low,Low,High,Medium,Low,High,Medium,1,S>E>A>D,1,S>E>A>D,1,S>E>A>D,2,A>D>E>S,0,0,4144955314,0,0,-2,1,0,0,-2,1,0,0,-2,1,A
train_0391,train_0391,p_at_oa_vs_q_at_oa,oA,P,Q,regen,pool,T-00696,B3-0244,B,Low,High,Medium,Medium,Medium,Medium,Low,High,1,S>E>A>D,1,S>E>A>D,1,S>E>A>D,2,A>D>E>S,0,0,2769210212,-1,1,1,-1,1,-1,-1,1,-1,1,1,-1,A
train_0392,train_0392,p_at_oa_vs_q_at_oa,oA,P,Q,regen,pool,T-00720,B3-0256,B,Medium,Low,Medium,Medium,High,Medium,Low,Low,1,S>E>A>D,1,S>E>A>D,1,S>E>A>D,2,A>D>E>S,0,0,451694542,-1,-1,1,1,1,1,-1,-1,-1,-1,1,1,A
train_0393,train_0393,p_at_oa_vs_q_at_oa,oA,P,Q,regen,pool,T-00749,B3-0271,A,Low,Low,High,Medium,Medium,Medium,Low,High,1,S>E>A>D,1,S>E>A>D,1,S>E>A>D,2,A>D>E>S,0,0,895965717,-1,-1,2,-1,-1,-1,2,-1,-1,-1,2,-1,A
train_0394,train_0394,p_at_oa_vs_q_at_oa,oA,P,Q,regen,pool,T-00981,B3-0387,A,Low,High,Medium,High,High,High,High,Medium,1,S>E>A>D,1,S>E>A>D,1,S>E>A>D,2,A>D>E>S,0,0,2550491634,-2,0,-1,1,-2,0,-1,1,-2,0,-1,1,A
train_0395,train_0395,p_at_oa_vs_q_at_oa,oA,P,Q,regen,pool,T-00209,B3-0001,A,Low,High,Medium,High,High,High,Medium,Medium,1,S>E>A>D,1,S>E>A>D,1,S>E>A>D,2,A>D>E>S,1,0,2992922394,-2,0,0,1,-2,0,0,1,-2,0,0,1,A
train_0396,train_0396,p_at_oa_vs_q_at_oa,oA,P,Q,regen,pool,T-00262,B3-0027,B,Low,Low,High,Medium,High,Medium,Medium,Medium,1,S>E>A>D,1,S>E>A>D,1,S>E>A>D,2,A>D>E>S,1,0,3713401645,-2,-1,1,0,2,1,-1,0,-2,-1,1,0,A
train_0397,train_0397,p_at_oa_vs_q_at_oa,oA,P,Q,regen,pool,T-00333,B3-0063,A,Medium,Medium,Medium,Low,High,Low,Low,High,1,S>E>A>D,1,S>E>A>D,1,S>E>A>D,2,A>D>E>S,1,0,2025752523,-1,1,1,-2,-1,1,1,-2,-1,1,1,-2,A
train_0398,train_0398,p_at_oa_vs_q_at_oa,oA,P,Q,regen,pool,T-00387,B3-0090,A,Low,Low,Low,High,High,Low,Low,Low,1,S>E>A>D,1,S>E>A>D,1,S>E>A>D,2,A>D>E>S,1,0,3659265318,-2,0,0,2,-2,0,0,2,-2,0,0,2,A
train_0399,train_0399,p_at_oa_vs_q_at_oa,oA,P,Q,regen,pool,T-00600,B3-0196,B,High,Medium,High,Low,High,High,Low,High,1,S>E>A>D,1,S>E>A>D,1,S>E>A>D,2,A>D>E>S,1,0,687255899,0,-1,2,-2,0,1,-2,2,0,-1,2,-2,A
train_0400,train_0400,p_at_oa_vs_q_at_oa,oA,P,Q,regen,pool,T-00878,B3-0335,B,Low,Medium,Medium,Low,High,Low,Medium,Medium,1,S>E>A>D,1,S>E>A>D,1,S>E>A>D,2,A>D>E>S,1,0,2031704731,-2,1,0,-1,2,-1,0,1,-2,1,0,-1,A
